<?xml version='1.0' encoding='UTF-8' standalone='no'?>
<doxygen xmlns:xsi="http://www.w3.org/2001/XMLSchema-instance" xsi:noNamespaceSchemaLocation="compound.xsd" version="1.8.13">
  <compounddef id="__index_8php" kind="file" language="PHP">
    <compoundname>_index.php</compoundname>
    <briefdescription>
    </briefdescription>
    <detaileddescription>
    </detaileddescription>
    <programlisting>
<codeline lineno="1"><highlight class="normal">&lt;?php<sp/></highlight></codeline>
<codeline lineno="2"><highlight class="normal">include(</highlight><highlight class="stringliteral">&apos;sql.php&apos;</highlight><highlight class="normal">);</highlight></codeline>
<codeline lineno="3"><highlight class="normal">include(</highlight><highlight class="stringliteral">&apos;setup_maps.php&apos;</highlight><highlight class="normal">);</highlight></codeline>
<codeline lineno="4"><highlight class="normal">?&gt;</highlight></codeline>
<codeline lineno="5"><highlight class="normal"></highlight></codeline>
<codeline lineno="6"><highlight class="normal">&lt;!DOCTYPE<sp/>html&gt;</highlight></codeline>
<codeline lineno="7"><highlight class="normal">&lt;html&gt;</highlight></codeline>
<codeline lineno="8"><highlight class="normal">&lt;head&gt;</highlight></codeline>
<codeline lineno="9"><highlight class="normal"><sp/><sp/><sp/><sp/>&lt;meta<sp/>name=</highlight><highlight class="stringliteral">&quot;viewport&quot;</highlight><highlight class="normal"><sp/>content=</highlight><highlight class="stringliteral">&quot;initial-scale=1.0,<sp/>user-scalable=no&quot;</highlight><highlight class="normal">&gt;</highlight></codeline>
<codeline lineno="10"><highlight class="normal"><sp/><sp/><sp/><sp/>&lt;meta<sp/>charset=</highlight><highlight class="stringliteral">&quot;utf-8&quot;</highlight><highlight class="normal">&gt;</highlight></codeline>
<codeline lineno="11"><highlight class="normal"><sp/><sp/><sp/><sp/>&lt;title&gt;SDSA<sp/>Assignment&lt;/title&gt;</highlight></codeline>
<codeline lineno="12"><highlight class="normal"><sp/><sp/><sp/><sp/>&lt;style&gt;</highlight></codeline>
<codeline lineno="13"><highlight class="normal"><sp/><sp/><sp/><sp/><sp/><sp/><sp/><sp/><sp/>&lt;/style&gt;</highlight></codeline>
<codeline lineno="14"><highlight class="normal"><sp/><sp/>&lt;/head&gt;</highlight></codeline>
<codeline lineno="15"><highlight class="normal"></highlight></codeline>
<codeline lineno="16"><highlight class="normal">&lt;body&gt;</highlight></codeline>
<codeline lineno="17"><highlight class="normal"></highlight></codeline>
<codeline lineno="18"><highlight class="normal"></highlight></codeline>
<codeline lineno="19"><highlight class="normal"></highlight></codeline>
<codeline lineno="20"><highlight class="normal"></highlight></codeline>
<codeline lineno="21"><highlight class="normal"></highlight><highlight class="comment">/*<sp/>This<sp/>was<sp/>the<sp/>fist<sp/>version<sp/>of<sp/>our<sp/>index<sp/>page,<sp/>were<sp/>we<sp/>were<sp/>just<sp/>trying<sp/>ti<sp/>get<sp/>the<sp/>maps<sp/>working</highlight></codeline>
<codeline lineno="22"><highlight class="comment">*/</highlight><highlight class="normal"></highlight></codeline>
<codeline lineno="23"><highlight class="normal"></highlight></codeline>
<codeline lineno="24"><highlight class="normal">&lt;H1&gt;DSA<sp/>Assignment&lt;/H1&gt;</highlight></codeline>
<codeline lineno="25"><highlight class="normal"></highlight></codeline>
<codeline lineno="26"><highlight class="normal"><sp/><sp/>&lt;P&gt;&lt;B&gt;2.<sp/>Use<sp/>and<sp/>integration<sp/>of<sp/>external<sp/>API</highlight><highlight class="stringliteral">&apos;s<sp/>(20<sp/>marks):&lt;/B&gt;&lt;/P&gt;</highlight></codeline>
<codeline lineno="27"><highlight class="stringliteral"></highlight></codeline>
<codeline lineno="28"><highlight class="stringliteral"><sp/><sp/><sp/>&lt;P&gt;</highlight></codeline>
<codeline lineno="29"><highlight class="stringliteral"><sp/><sp/><sp/>i)<sp/>Mapping:<sp/>Use<sp/>a<sp/>mapping<sp/>API<sp/>to<sp/>display<sp/>(at<sp/>least<sp/>two)<sp/>maps<sp/>showing<sp/>the<sp/>Regions<sp/>you<sp/>have<sp/>selected.</highlight></codeline>
<codeline lineno="30"><highlight class="stringliteral"><sp/><sp/><sp/>Note<sp/>that<sp/>6(+)<sp/>Wines<sp/>should<sp/>be<sp/>shown<sp/>on<sp/>each<sp/>map<sp/>using<sp/>appropriate<sp/>icons.<sp/></highlight></codeline>
<codeline lineno="31"><highlight class="stringliteral"><sp/><sp/><sp/>MouseOver<sp/>on<sp/>the<sp/>icons<sp/>should<sp/>show<sp/>(some)<sp/>data<sp/>drawn<sp/>from<sp/>your<sp/>dataset.<sp/></highlight></codeline>
<codeline lineno="32"><highlight class="stringliteral"><sp/><sp/><sp/>MouseClick<sp/>on<sp/>icons<sp/>should<sp/>load<sp/>another<sp/>page<sp/>showing<sp/>details<sp/>(photos,<sp/>description<sp/>etc.)<sp/>of<sp/>a<sp/>specific<sp/>Wine<sp/>drawn<sp/>from<sp/>Wikipedia<sp/>or<sp/>other<sp/>external<sp/>resource<sp/>or<sp/>your<sp/>own<sp/>database.</highlight></codeline>
<codeline lineno="33"><highlight class="stringliteral"><sp/><sp/><sp/>Deliverable:<sp/>Maps<sp/>of<sp/>Regions/Countries<sp/>with<sp/>icons<sp/>showing<sp/>Wines<sp/>realted<sp/>to<sp/>the<sp/>selected<sp/>Region/Country.(12<sp/>marks)</highlight></codeline>
<codeline lineno="34"><highlight class="stringliteral"><sp/><sp/><sp/>&lt;P&gt;</highlight></codeline>
<codeline lineno="35"><highlight class="stringliteral"></highlight></codeline>
<codeline lineno="36"><highlight class="stringliteral"><sp/><sp/><sp/>&lt;P&gt;</highlight></codeline>
<codeline lineno="37"><highlight class="stringliteral"><sp/><sp/><sp/>ii)<sp/>Weather:<sp/>Use<sp/>a<sp/>weather<sp/>API<sp/>to<sp/>generate<sp/>a<sp/>display<sp/>of<sp/>the<sp/>current<sp/>and<sp/>forecast<sp/>weather<sp/>for<sp/>the<sp/>your<sp/>selected<sp/>Region<sp/>or<sp/>Country</highlight></codeline>
<codeline lineno="38"><highlight class="stringliteral"><sp/><sp/><sp/>(a<sp/>major<sp/>city<sp/>or<sp/>town<sp/>in<sp/>the<sp/>selected<sp/>place<sp/>-<sp/>or<sp/>perhaps<sp/>Vinyards<sp/>that<sp/>produces<sp/>that<sp/>type<sp/>of<sp/>Grape.)</highlight></codeline>
<codeline lineno="39"><highlight class="stringliteral"><sp/><sp/><sp/>Deliverable:<sp/>Display<sp/>current<sp/>and<sp/>forecast<sp/>weather<sp/>data.<sp/>(8<sp/>marks)</highlight></codeline>
<codeline lineno="40"><highlight class="stringliteral"><sp/><sp/><sp/>&lt;/P&gt;</highlight></codeline>
<codeline lineno="41"><highlight class="stringliteral"></highlight></codeline>
<codeline lineno="42"><highlight class="stringliteral"><sp/><sp/><sp/></highlight></codeline>
<codeline lineno="43"><highlight class="stringliteral"><sp/><sp/></highlight></codeline>
<codeline lineno="44"><highlight class="stringliteral"><sp/><sp/><sp/></highlight></codeline>
<codeline lineno="45"><highlight class="stringliteral"><sp/><sp/><sp/></highlight></codeline>
<codeline lineno="46"><highlight class="stringliteral"><sp/><sp/><sp/></highlight></codeline>
<codeline lineno="47"><highlight class="stringliteral"><sp/><sp/><sp/></highlight></codeline>
<codeline lineno="48"><highlight class="stringliteral"></highlight></codeline>
<codeline lineno="49"><highlight class="stringliteral"></highlight></codeline>
<codeline lineno="50"><highlight class="stringliteral"></highlight></codeline>
<codeline lineno="51"><highlight class="stringliteral">&lt;!--Start<sp/>of<sp/>Map<sp/>One<sp/>--&gt;</highlight></codeline>
<codeline lineno="52"><highlight class="stringliteral"><sp/><sp/><sp/><sp/>&lt;H2&gt;<sp/>Region<sp/>One<sp/>&lt;/H2&gt;</highlight></codeline>
<codeline lineno="53"><highlight class="stringliteral">&lt;div<sp/>id=&quot;map&quot;<sp/>style=&quot;width:90%;height:500px;float:center&quot;&gt;&lt;/div&gt;</highlight></codeline>
<codeline lineno="54"><highlight class="stringliteral"></highlight></codeline>
<codeline lineno="55"><highlight class="stringliteral">&lt;!--Start<sp/>of<sp/>Map<sp/>Two<sp/>--&gt;</highlight></codeline>
<codeline lineno="56"><highlight class="stringliteral"><sp/><sp/><sp/><sp/>&lt;H2&gt;<sp/>Region<sp/>Two<sp/>&lt;/H2&gt;</highlight></codeline>
<codeline lineno="57"><highlight class="stringliteral">&lt;div<sp/>id=&quot;map2&quot;<sp/>style=&quot;width:90%;height:500px;float:center&quot;&gt;&lt;/div&gt;</highlight></codeline>
<codeline lineno="58"><highlight class="stringliteral"></highlight></codeline>
<codeline lineno="59"><highlight class="stringliteral">&lt;script&gt;</highlight></codeline>
<codeline lineno="60"><highlight class="stringliteral">function<sp/>myMap()<sp/>{</highlight></codeline>
<codeline lineno="61"><highlight class="stringliteral">var<sp/>contentString1<sp/>=<sp/>&apos;</highlight><highlight class="normal">&lt;?php<sp/>echo<sp/>$name1;<sp/>?&gt;&lt;br&gt;some<sp/>shizzle</highlight><highlight class="stringliteral">&apos;;</highlight></codeline>
<codeline lineno="62"><highlight class="stringliteral">var<sp/>contentString2<sp/>=<sp/>&apos;</highlight><highlight class="normal">&lt;?php<sp/>echo<sp/>$name2;<sp/>?&gt;&lt;br&gt;Some<sp/>shizzle</highlight><highlight class="stringliteral">&apos;;</highlight></codeline>
<codeline lineno="63"><highlight class="stringliteral"><sp/><sp/>var<sp/>myCenter<sp/>=<sp/>new<sp/>google.maps.LatLng(&lt;?php<sp/>echo<sp/>$coordinates1[0];<sp/>?&gt;,&lt;?php<sp/>echo<sp/>$coordinates1[1];<sp/>?&gt;);</highlight></codeline>
<codeline lineno="64"><highlight class="stringliteral"><sp/><sp/>document.getElementById(&quot;map&quot;).name<sp/>=<sp/>&quot;&lt;?php<sp/>echo<sp/>$name1;<sp/>?&gt;&quot;;</highlight></codeline>
<codeline lineno="65"><highlight class="stringliteral"><sp/><sp/>var<sp/>mapCanvas<sp/>=<sp/>document.getElementById(&quot;map&quot;);</highlight></codeline>
<codeline lineno="66"><highlight class="stringliteral"><sp/><sp/>var<sp/>mapOptions<sp/>=<sp/>{center:<sp/>myCenter,<sp/>zoom:<sp/>5};</highlight></codeline>
<codeline lineno="67"><highlight class="stringliteral"><sp/><sp/>var<sp/>map<sp/>=<sp/>new<sp/>google.maps.Map(mapCanvas,<sp/>mapOptions);</highlight></codeline>
<codeline lineno="68"><highlight class="stringliteral"><sp/><sp/>var<sp/>marker<sp/>=<sp/>new<sp/>google.maps.Marker({position:myCenter});</highlight></codeline>
<codeline lineno="69"><highlight class="stringliteral"><sp/><sp/>marker.setMap(map);</highlight></codeline>
<codeline lineno="70"><highlight class="stringliteral"><sp/><sp/>google.maps.event.addListener(marker,&apos;</highlight><highlight class="normal">click</highlight><highlight class="stringliteral">&apos;,function()<sp/>{</highlight></codeline>
<codeline lineno="71"><highlight class="stringliteral"><sp/><sp/><sp/><sp/>var<sp/>infowindow<sp/>=<sp/>new<sp/>google.maps.InfoWindow({</highlight></codeline>
<codeline lineno="72"><highlight class="stringliteral"><sp/><sp/><sp/><sp/><sp/><sp/>content:<sp/>contentString1</highlight></codeline>
<codeline lineno="73"><highlight class="stringliteral"><sp/><sp/><sp/><sp/>});</highlight></codeline>
<codeline lineno="74"><highlight class="stringliteral"><sp/><sp/>infowindow.open(map,marker);</highlight></codeline>
<codeline lineno="75"><highlight class="stringliteral"><sp/><sp/>});</highlight></codeline>
<codeline lineno="76"><highlight class="stringliteral"><sp/><sp/></highlight></codeline>
<codeline lineno="77"><highlight class="stringliteral"><sp/><sp/>var<sp/>myCenter2<sp/>=<sp/>new<sp/>google.maps.LatLng(&lt;?php<sp/>echo<sp/>$coordinates2[0];<sp/>?&gt;,&lt;?php<sp/>echo<sp/>$coordinates2[1];<sp/>?&gt;);</highlight></codeline>
<codeline lineno="78"><highlight class="stringliteral"><sp/><sp/>document.getElementById(&quot;map&quot;).name<sp/>=<sp/>&quot;&lt;?php<sp/>echo<sp/>$name2;<sp/>?&gt;&quot;;</highlight></codeline>
<codeline lineno="79"><highlight class="stringliteral"><sp/><sp/>var<sp/>mapCanvas2<sp/>=<sp/>document.getElementById(&quot;map2&quot;);</highlight></codeline>
<codeline lineno="80"><highlight class="stringliteral"><sp/><sp/>var<sp/>mapOptions2<sp/>=<sp/>{center:<sp/>myCenter2,<sp/>zoom:<sp/>5};</highlight></codeline>
<codeline lineno="81"><highlight class="stringliteral"><sp/><sp/>var<sp/>map2<sp/>=<sp/>new<sp/>google.maps.Map(mapCanvas2,<sp/>mapOptions2);</highlight></codeline>
<codeline lineno="82"><highlight class="stringliteral"><sp/><sp/>var<sp/>marker2<sp/>=<sp/>new<sp/>google.maps.Marker({position:myCenter2});</highlight></codeline>
<codeline lineno="83"><highlight class="stringliteral"><sp/><sp/>marker2.setMap(map2);</highlight></codeline>
<codeline lineno="84"><highlight class="stringliteral"><sp/><sp/>google.maps.event.addListener(marker2,&apos;</highlight><highlight class="normal">click</highlight><highlight class="stringliteral">&apos;,function()<sp/>{</highlight></codeline>
<codeline lineno="85"><highlight class="stringliteral"><sp/><sp/><sp/><sp/>var<sp/>infowindow<sp/>=<sp/>new<sp/>google.maps.InfoWindow({</highlight></codeline>
<codeline lineno="86"><highlight class="stringliteral"><sp/><sp/><sp/><sp/><sp/><sp/>content:<sp/>contentString2</highlight></codeline>
<codeline lineno="87"><highlight class="stringliteral"><sp/><sp/><sp/><sp/>});</highlight></codeline>
<codeline lineno="88"><highlight class="stringliteral"><sp/><sp/>infowindow.open(map2,marker2);</highlight></codeline>
<codeline lineno="89"><highlight class="stringliteral"><sp/><sp/>});</highlight></codeline>
<codeline lineno="90"><highlight class="stringliteral">}</highlight></codeline>
<codeline lineno="91"><highlight class="stringliteral">&lt;/script&gt;</highlight></codeline>
<codeline lineno="92"><highlight class="stringliteral"></highlight></codeline>
<codeline lineno="93"><highlight class="stringliteral">&lt;script<sp/>src=&quot;https://maps.googleapis.com/maps/api/js?key=AIzaSyASXH_VuR10UOH_WmjTcYz7KNSTPIPBI5E&amp;callback=myMap&quot;&gt;&lt;/script&gt;</highlight></codeline>
<codeline lineno="94"><highlight class="stringliteral"></highlight></codeline>
<codeline lineno="95"><highlight class="stringliteral">&lt;P&gt;<sp/></highlight></codeline>
<codeline lineno="96"><highlight class="stringliteral"><sp/><sp/><sp/><sp/>Placeholder:http://biostall.com/demos/google-maps-v3-api-codeigniter-library/multiplemaps</highlight></codeline>
<codeline lineno="97"><highlight class="stringliteral"><sp/><sp/><sp/><sp/>AIzaSyASXH_VuR10UOH_WmjTcYz7KNSTPIPBI5E&amp;callback=initMap&quot;&gt;</highlight></codeline>
<codeline lineno="98"><highlight class="stringliteral"><sp/><sp/><sp/><sp/></highlight></codeline>
<codeline lineno="99"><highlight class="stringliteral"><sp/><sp/><sp/><sp/>&lt;/P&gt;</highlight></codeline>
<codeline lineno="100"><highlight class="stringliteral"></highlight></codeline>
<codeline lineno="101"><highlight class="stringliteral"></highlight></codeline>
<codeline lineno="102"><highlight class="stringliteral"></highlight></codeline>
<codeline lineno="103"><highlight class="stringliteral">&lt;!--</highlight></codeline>
<codeline lineno="104"><highlight class="stringliteral">To<sp/>use<sp/>this<sp/>code<sp/>on<sp/>your<sp/>website,<sp/>get<sp/>a<sp/>free<sp/>API<sp/>key<sp/>from<sp/>Google.</highlight></codeline>
<codeline lineno="105"><highlight class="stringliteral">Read<sp/>more<sp/>at:<sp/>http://www.w3schools.com/graphics/google_maps_basic.asp</highlight></codeline>
<codeline lineno="106"><highlight class="stringliteral">--&gt;</highlight></codeline>
<codeline lineno="107"><highlight class="stringliteral"></highlight></codeline>
<codeline lineno="108"><highlight class="stringliteral">&lt;/body&gt;</highlight></codeline>
<codeline lineno="109"><highlight class="stringliteral">&lt;/html&gt;</highlight></codeline>
    </programlisting>
    <location file="C:/Users/David/Desktop/dsa_cw-master/_index.php"/>
  </compounddef>
</doxygen>
