<?xml version='1.0' encoding='UTF-8' standalone='no'?>
<doxygen xmlns:xsi="http://www.w3.org/2001/XMLSchema-instance" xsi:noNamespaceSchemaLocation="compound.xsd" version="1.8.13">
  <compounddef id="__index2_82_8php" kind="file" language="PHP">
    <compoundname>_index2.2.php</compoundname>
      <sectiondef kind="var">
      <memberdef kind="variable" id="__index2_82_8php_1a49a8a4009b02e49717caa88b128affc5" prot="public" static="no" mutable="no">
        <type></type>
        <definition>$res</definition>
        <argsstring></argsstring>
        <name>$res</name>
        <initializer>=call_sql(&quot;select a.vinyard, b.name as name, region_id, coordinates, description, alcohol, dryness_sweetness, producer, bottle_size, vintage,c.name as wname from vinyard a left join location b on (a.location_id=b.location_id) left join wine c on (a.vinyard=c.vinyard)&quot;)</initializer>
        <briefdescription>
        </briefdescription>
        <detaileddescription>
<para>/$res get data for the markers </para>        </detaileddescription>
        <inbodydescription>
        </inbodydescription>
        <location file="C:/Users/David/Desktop/dsa_cw-master/_index2.2.php" line="117" column="1" bodyfile="C:/Users/David/Desktop/dsa_cw-master/_index2.2.php" bodystart="117" bodyend="-1"/>
      </memberdef>
      <memberdef kind="variable" id="__index2_82_8php_1a03ca88a7b5771a0499970901cfbc914a" prot="public" static="no" mutable="no">
        <type></type>
        <definition>for($x=0;$x&lt; count($res);$x++)</definition>
        <argsstring>( $x=0; $x&lt; count( $res); $x++)</argsstring>
        <name>for</name>
        <briefdescription>
        </briefdescription>
        <detaileddescription>
<para>/for iterate over each row returned </para>        </detaileddescription>
        <inbodydescription>
        </inbodydescription>
        <location file="C:/Users/David/Desktop/dsa_cw-master/_index2.2.php" line="119" column="1" bodyfile="C:/Users/David/Desktop/dsa_cw-master/_index2.2.php" bodystart="119" bodyend="-1"/>
      </memberdef>
      </sectiondef>
    <briefdescription>
    </briefdescription>
    <detaileddescription>
    </detaileddescription>
    <programlisting>
<codeline lineno="1"><highlight class="normal">&lt;?php<sp/></highlight></codeline>
<codeline lineno="2"><highlight class="normal">include(</highlight><highlight class="stringliteral">&apos;sql.php&apos;</highlight><highlight class="normal">);</highlight></codeline>
<codeline lineno="3"><highlight class="normal"></highlight><highlight class="comment">//this<sp/>is<sp/>done<sp/>so<sp/>query<sp/>can<sp/>be<sp/>changed<sp/>in<sp/>background,<sp/>more<sp/>of<sp/>a<sp/>proof<sp/>than<sp/>something<sp/>actually<sp/>useful</highlight><highlight class="normal"></highlight></codeline>
<codeline lineno="4"><highlight class="normal">include(</highlight><highlight class="stringliteral">&apos;setup_maps.php&apos;</highlight><highlight class="normal">);</highlight></codeline>
<codeline lineno="5"><highlight class="normal">?&gt;</highlight></codeline>
<codeline lineno="6"><highlight class="normal"></highlight></codeline>
<codeline lineno="7"><highlight class="normal">&lt;!DOCTYPE<sp/>html&gt;</highlight></codeline>
<codeline lineno="8"><highlight class="normal">&lt;html&gt;</highlight></codeline>
<codeline lineno="9"><highlight class="normal">&lt;head&gt;</highlight></codeline>
<codeline lineno="10"><highlight class="normal"><sp/><sp/><sp/><sp/>&lt;meta<sp/>name=</highlight><highlight class="stringliteral">&quot;viewport&quot;</highlight><highlight class="normal"><sp/>content=</highlight><highlight class="stringliteral">&quot;initial-scale=1.0,<sp/>user-scalable=no&quot;</highlight><highlight class="normal">&gt;</highlight></codeline>
<codeline lineno="11"><highlight class="normal"><sp/><sp/><sp/><sp/>&lt;meta<sp/>charset=</highlight><highlight class="stringliteral">&quot;utf-8&quot;</highlight><highlight class="normal">&gt;</highlight></codeline>
<codeline lineno="12"><highlight class="normal"><sp/><sp/><sp/><sp/><sp/><sp/><sp/><sp/>&lt;link<sp/>rel=</highlight><highlight class="stringliteral">&quot;stylesheet&quot;</highlight><highlight class="normal"><sp/>type=</highlight><highlight class="stringliteral">&quot;text/css&quot;</highlight><highlight class="normal"><sp/>href=</highlight><highlight class="stringliteral">&quot;style.css&quot;</highlight><highlight class="normal"><sp/>/&gt;</highlight></codeline>
<codeline lineno="13"><highlight class="normal"><sp/><sp/><sp/><sp/>&lt;title&gt;DSA<sp/>Assignment&lt;/title&gt;</highlight></codeline>
<codeline lineno="14"><highlight class="normal"><sp/><sp/><sp/><sp/>&lt;style&gt;</highlight></codeline>
<codeline lineno="15"><highlight class="normal"><sp/><sp/><sp/><sp/><sp/><sp/></highlight><highlight class="comment">/*<sp/>Always<sp/>set<sp/>the<sp/>map<sp/>height<sp/>explicitly<sp/>to<sp/>define<sp/>the<sp/>size<sp/>of<sp/>the<sp/>div</highlight></codeline>
<codeline lineno="16"><highlight class="comment"><sp/><sp/><sp/><sp/><sp/><sp/><sp/>*<sp/>element<sp/>that<sp/>contains<sp/>the<sp/>map.<sp/>*/</highlight><highlight class="normal"></highlight></codeline>
<codeline lineno="17"><highlight class="normal"></highlight><highlight class="preprocessor"><sp/><sp/><sp/><sp/><sp/><sp/>#map<sp/>{</highlight><highlight class="normal"></highlight></codeline>
<codeline lineno="18"><highlight class="normal"><sp/><sp/><sp/><sp/><sp/><sp/><sp/><sp/>height:<sp/>100%;</highlight></codeline>
<codeline lineno="19"><highlight class="normal"><sp/><sp/><sp/><sp/><sp/><sp/>}</highlight></codeline>
<codeline lineno="20"><highlight class="normal"><sp/><sp/><sp/><sp/><sp/><sp/></highlight><highlight class="comment">/*<sp/>Optional:<sp/>Makes<sp/>the<sp/>sample<sp/>page<sp/>fill<sp/>the<sp/>window.<sp/>*/</highlight><highlight class="normal"></highlight></codeline>
<codeline lineno="21"><highlight class="normal"><sp/><sp/><sp/><sp/><sp/><sp/>html,<sp/>body<sp/>{</highlight></codeline>
<codeline lineno="22"><highlight class="normal"><sp/><sp/><sp/><sp/><sp/><sp/><sp/><sp/>height:<sp/>100%;</highlight></codeline>
<codeline lineno="23"><highlight class="normal"><sp/><sp/><sp/><sp/><sp/><sp/><sp/><sp/>margin:<sp/>0;</highlight></codeline>
<codeline lineno="24"><highlight class="normal"><sp/><sp/><sp/><sp/><sp/><sp/><sp/><sp/>padding:<sp/>0;</highlight></codeline>
<codeline lineno="25"><highlight class="normal"><sp/><sp/><sp/><sp/><sp/><sp/>}</highlight></codeline>
<codeline lineno="26"><highlight class="normal"><sp/><sp/><sp/><sp/>&lt;/style&gt;</highlight></codeline>
<codeline lineno="27"><highlight class="normal"><sp/><sp/>&lt;/head&gt;</highlight></codeline>
<codeline lineno="28"><highlight class="normal"></highlight></codeline>
<codeline lineno="29"><highlight class="normal">&lt;body&gt;</highlight></codeline>
<codeline lineno="30"><highlight class="normal">&lt;header&gt;</highlight></codeline>
<codeline lineno="31"><highlight class="normal">&lt;H1&gt;DSA<sp/>Assignment&lt;/H1&gt;</highlight></codeline>
<codeline lineno="32"><highlight class="normal">&lt;/header&gt;</highlight></codeline>
<codeline lineno="33"><highlight class="normal"></highlight></codeline>
<codeline lineno="34"><highlight class="normal"></highlight><highlight class="comment">/*<sp/>The<sp/>latest<sp/>version<sp/>of<sp/>our<sp/>index<sp/>page.<sp/>This<sp/>HTML<sp/>of<sp/>this<sp/>file<sp/>sets<sp/>up<sp/>the<sp/>maps<sp/>using<sp/>Google&apos;s<sp/>API,<sp/>places<sp/>the<sp/>markers,<sp/></highlight></codeline>
<codeline lineno="35"><highlight class="comment">and<sp/>controls<sp/>the<sp/>content<sp/>of<sp/>the<sp/>Infoboxes.<sp/></highlight></codeline>
<codeline lineno="36"><highlight class="comment"></highlight></codeline>
<codeline lineno="37"><highlight class="comment">The<sp/>PHP<sp/>in<sp/>this<sp/>files<sp/>handles<sp/>the<sp/></highlight></codeline>
<codeline lineno="38"><highlight class="comment"></highlight></codeline>
<codeline lineno="39"><highlight class="comment">**/</highlight><highlight class="normal"></highlight></codeline>
<codeline lineno="40"><highlight class="normal"></highlight></codeline>
<codeline lineno="41"><highlight class="normal"></highlight></codeline>
<codeline lineno="42"><highlight class="normal">&lt;p&gt;<sp/>Use<sp/>and<sp/>integration<sp/>of<sp/>external<sp/>API</highlight><highlight class="stringliteral">&apos;s<sp/>(20<sp/>marks):<sp/>&lt;br&gt;</highlight></codeline>
<codeline lineno="43"><highlight class="stringliteral"></highlight></codeline>
<codeline lineno="44"><highlight class="stringliteral">i)<sp/>Mapping:<sp/>Use<sp/>a<sp/>mapping<sp/>API<sp/>to<sp/>display<sp/>(at<sp/>least<sp/>two)<sp/>maps<sp/>showing<sp/>the<sp/>Regions<sp/>you<sp/>have<sp/>selected.&lt;br&gt;</highlight></codeline>
<codeline lineno="45"><highlight class="stringliteral"></highlight></codeline>
<codeline lineno="46"><highlight class="stringliteral">Note<sp/>that<sp/>6(+)<sp/>Wines<sp/>should<sp/>be<sp/>shown<sp/>on<sp/>each<sp/>map<sp/>using<sp/>appropriate<sp/>icons.<sp/>MouseOver<sp/>on<sp/>the<sp/>icons<sp/>should<sp/>show<sp/>(some)<sp/>data<sp/>drawn<sp/>from<sp/>your<sp/>dataset.<sp/>MouseClick<sp/>on<sp/>icons<sp/>should<sp/>load<sp/>another<sp/>page<sp/>showing<sp/>details<sp/>(photos,<sp/>description<sp/>etc.)<sp/>of<sp/>a<sp/>specific<sp/>Wine<sp/>drawn<sp/>from<sp/>Wikipedia<sp/>or<sp/>other<sp/>external<sp/>resource<sp/>or<sp/>your<sp/>own<sp/>database.&lt;br&gt;</highlight></codeline>
<codeline lineno="47"><highlight class="stringliteral"></highlight></codeline>
<codeline lineno="48"><highlight class="stringliteral">Deliverable:<sp/>Maps<sp/>of<sp/>Regions/Countries<sp/>with<sp/>icons<sp/>showing<sp/>Wines<sp/>realted<sp/>to<sp/>the<sp/>selected<sp/>Region/Country.(12<sp/>marks)&lt;br&gt;</highlight></codeline>
<codeline lineno="49"><highlight class="stringliteral"></highlight></codeline>
<codeline lineno="50"><highlight class="stringliteral">ii)<sp/>Weather:<sp/>Use<sp/>a<sp/>weather<sp/>API<sp/>to<sp/>generate<sp/>a<sp/>display<sp/>of<sp/>the<sp/>current<sp/>and<sp/>forecast<sp/>weather<sp/>for<sp/>the<sp/>your<sp/>selected<sp/>Region<sp/>or<sp/>Country<sp/>(a<sp/>major<sp/>city<sp/>or<sp/>town<sp/>in<sp/>the<sp/>selected<sp/>place<sp/>-<sp/>or<sp/>perhaps<sp/>Vinyards<sp/>that<sp/>produces<sp/>that<sp/>type<sp/>of<sp/>Grape.)&lt;br&gt;<sp/>&lt;p&gt;</highlight></codeline>
<codeline lineno="51"><highlight class="stringliteral"></highlight></codeline>
<codeline lineno="52"><highlight class="stringliteral"></highlight></codeline>
<codeline lineno="53"><highlight class="stringliteral">&lt;!--Start<sp/>of<sp/>Map<sp/>One<sp/>--&gt;</highlight></codeline>
<codeline lineno="54"><highlight class="stringliteral"><sp/><sp/><sp/><sp/>&lt;H2&gt;<sp/>Region<sp/>One<sp/>-<sp/>Ardenee&lt;/H2&gt;</highlight></codeline>
<codeline lineno="55"><highlight class="stringliteral">&lt;div<sp/>id=&quot;map&quot;<sp/><sp/>style=&quot;width:80%;height:500px;margin:auto;float:center&quot;&gt;&lt;/div&gt;</highlight></codeline>
<codeline lineno="56"><highlight class="stringliteral"></highlight></codeline>
<codeline lineno="57"><highlight class="stringliteral">&lt;!--Start<sp/>of<sp/>Map<sp/>Two<sp/>--&gt;</highlight></codeline>
<codeline lineno="58"><highlight class="stringliteral"><sp/><sp/><sp/><sp/>&lt;H2&gt;<sp/>Region<sp/>Two<sp/>-<sp/>South<sp/>Africa<sp/>&lt;/H2&gt;</highlight></codeline>
<codeline lineno="59"><highlight class="stringliteral">&lt;div<sp/>id=&quot;map2&quot;<sp/>style=&quot;width:80%;height:500px;margin:auto;float:center&quot;&gt;&lt;/div&gt;</highlight></codeline>
<codeline lineno="60"><highlight class="stringliteral"></highlight></codeline>
<codeline lineno="61"><highlight class="stringliteral">&lt;script&gt;</highlight></codeline>
<codeline lineno="62"><highlight class="stringliteral"></highlight></codeline>
<codeline lineno="63"><highlight class="stringliteral">/*<sp/>Version<sp/>2.2<sp/>Final<sp/>version<sp/>of<sp/>the<sp/>index<sp/>page<sp/>**/</highlight></codeline>
<codeline lineno="64"><highlight class="stringliteral"></highlight></codeline>
<codeline lineno="65"><highlight class="stringliteral">/*<sp/>get<sp/>results<sp/>from<sp/>setup_maps.php<sp/>into<sp/>js<sp/>var<sp/>**/</highlight></codeline>
<codeline lineno="66"><highlight class="stringliteral">var<sp/>php_results<sp/>=<sp/>&lt;?php<sp/>echo<sp/>json_encode($results);<sp/>?&gt;;</highlight></codeline>
<codeline lineno="67"><highlight class="stringliteral">/*<sp/>split<sp/>coordinates<sp/>to<sp/>lat<sp/>and<sp/>long<sp/>**/</highlight></codeline>
<codeline lineno="68"><highlight class="stringliteral">var<sp/>coordinates1<sp/>=<sp/>php_results[0][&apos;</highlight><highlight class="normal">coordinates</highlight><highlight class="stringliteral">&apos;].split(&quot;,<sp/>&quot;);</highlight></codeline>
<codeline lineno="69"><highlight class="stringliteral">var<sp/>coordinates2<sp/>=<sp/>php_results[1][&apos;</highlight><highlight class="normal">coordinates</highlight><highlight class="stringliteral">&apos;].split(&quot;,<sp/>&quot;);</highlight></codeline>
<codeline lineno="70"><highlight class="stringliteral">var<sp/>contentString<sp/>=<sp/>&apos;</highlight><highlight class="normal">&lt;div<sp/></highlight><highlight class="keywordtype">id</highlight><highlight class="normal">=</highlight><highlight class="stringliteral">&quot;content&quot;</highlight><highlight class="normal">&gt;&lt;h3&gt;</highlight><highlight class="stringliteral">&apos;+<sp/>php_results[0][&apos;</highlight><highlight class="normal">name</highlight><highlight class="stringliteral">&apos;]+&apos;</highlight><highlight class="normal">&lt;/h3&gt;<sp/>&lt;/div&gt;</highlight><highlight class="stringliteral">&apos;;</highlight></codeline>
<codeline lineno="71"><highlight class="stringliteral">var<sp/>contentString_2<sp/>=<sp/>&apos;</highlight><highlight class="normal">&lt;div<sp/></highlight><highlight class="keywordtype">id</highlight><highlight class="normal">=</highlight><highlight class="stringliteral">&quot;content_2&quot;</highlight><highlight class="normal">&gt;&lt;h3&gt;</highlight><highlight class="stringliteral">&apos;+<sp/>php_results[1][&apos;</highlight><highlight class="normal">name</highlight><highlight class="stringliteral">&apos;]+&apos;</highlight><highlight class="normal">&lt;/h3&gt;<sp/>&lt;/div&gt;</highlight><highlight class="stringliteral">&apos;;</highlight></codeline>
<codeline lineno="72"><highlight class="stringliteral">function<sp/>myMap()<sp/>{</highlight></codeline>
<codeline lineno="73"><highlight class="stringliteral"><sp/><sp/><sp/><sp/>/*<sp/>setup<sp/>top<sp/>map<sp/>**/</highlight></codeline>
<codeline lineno="74"><highlight class="stringliteral"><sp/><sp/><sp/><sp/>var<sp/>myCenter<sp/>=<sp/>new<sp/>google.maps.LatLng(coordinates1[0],coordinates1[1]);</highlight></codeline>
<codeline lineno="75"><highlight class="stringliteral"><sp/><sp/><sp/><sp/>document.getElementById(&quot;map&quot;).name<sp/>=<sp/>php_results[0][&apos;</highlight><highlight class="normal">region_id</highlight><highlight class="stringliteral">&apos;];</highlight></codeline>
<codeline lineno="76"><highlight class="stringliteral"><sp/><sp/><sp/><sp/>var<sp/>mapCanvas<sp/>=<sp/>document.getElementById(&quot;map&quot;);</highlight></codeline>
<codeline lineno="77"><highlight class="stringliteral"><sp/><sp/><sp/><sp/>var<sp/>mapOptions<sp/>=<sp/>{center:<sp/>myCenter,<sp/>zoom:<sp/>7};</highlight></codeline>
<codeline lineno="78"><highlight class="stringliteral"><sp/><sp/><sp/><sp/>var<sp/>map<sp/>=<sp/>new<sp/>google.maps.Map(mapCanvas,<sp/>mapOptions);</highlight></codeline>
<codeline lineno="79"><highlight class="stringliteral"><sp/><sp/><sp/><sp/>var<sp/>marker<sp/>=<sp/>new<sp/>google.maps.Marker({position:myCenter});</highlight></codeline>
<codeline lineno="80"><highlight class="stringliteral"><sp/><sp/><sp/><sp/>marker.setMap(map);</highlight></codeline>
<codeline lineno="81"><highlight class="stringliteral"><sp/><sp/><sp/><sp/>google.maps.event.addListener(marker,&apos;</highlight><highlight class="normal">click</highlight><highlight class="stringliteral">&apos;,function()<sp/>{</highlight></codeline>
<codeline lineno="82"><highlight class="stringliteral"><sp/><sp/><sp/><sp/><sp/><sp/><sp/><sp/><sp/><sp/>console.log(&apos;</highlight><highlight class="normal">Clicked<sp/>on<sp/>marker</highlight><highlight class="stringliteral">&apos;);/*<sp/>Change<sp/>to<sp/>function<sp/>for<sp/>on<sp/>click<sp/>**/</highlight></codeline>
<codeline lineno="83"><highlight class="stringliteral"><sp/><sp/><sp/><sp/><sp/><sp/><sp/><sp/><sp/><sp/>window.open(document.URL.replace(&quot;_index2.php&quot;,&quot;info.php?name=&quot;)+php_results[0][&apos;</highlight><highlight class="normal">name</highlight><highlight class="stringliteral">&apos;]);</highlight></codeline>
<codeline lineno="84"><highlight class="stringliteral"><sp/><sp/><sp/><sp/>});</highlight></codeline>
<codeline lineno="85"><highlight class="stringliteral"><sp/><sp/><sp/><sp/>/*<sp/>Add<sp/>mouseover<sp/>and<sp/>mouseout<sp/>events<sp/>**/</highlight></codeline>
<codeline lineno="86"><highlight class="stringliteral"><sp/><sp/><sp/><sp/>var<sp/>infowindow<sp/>=<sp/>new<sp/>google.maps.InfoWindow();</highlight></codeline>
<codeline lineno="87"><highlight class="stringliteral"><sp/><sp/><sp/><sp/>google.maps.event.addListener(marker,&apos;</highlight><highlight class="normal">mouseover</highlight><highlight class="stringliteral">&apos;,<sp/>function()<sp/>{</highlight></codeline>
<codeline lineno="88"><highlight class="stringliteral"><sp/><sp/><sp/><sp/><sp/><sp/><sp/><sp/>infowindow.setContent(contentString);</highlight></codeline>
<codeline lineno="89"><highlight class="stringliteral"><sp/><sp/><sp/><sp/><sp/><sp/><sp/><sp/>infowindow.open(map,<sp/>marker);</highlight></codeline>
<codeline lineno="90"><highlight class="stringliteral"><sp/><sp/><sp/><sp/>});</highlight></codeline>
<codeline lineno="91"><highlight class="stringliteral"><sp/><sp/><sp/><sp/>google.maps.event.addListener(marker,&apos;</highlight><highlight class="normal">mouseout</highlight><highlight class="stringliteral">&apos;,<sp/>function()<sp/>{</highlight></codeline>
<codeline lineno="92"><highlight class="stringliteral"><sp/><sp/><sp/><sp/><sp/><sp/><sp/><sp/>setTimeout(function(){infowindow.close();},150);</highlight></codeline>
<codeline lineno="93"><highlight class="stringliteral"><sp/><sp/><sp/><sp/>});</highlight></codeline>
<codeline lineno="94"><highlight class="stringliteral"><sp/><sp/><sp/><sp/>/*<sp/>setup<sp/>bottom<sp/>map<sp/>**/</highlight></codeline>
<codeline lineno="95"><highlight class="stringliteral"><sp/><sp/><sp/><sp/>var<sp/>myCenter2<sp/>=<sp/>new<sp/>google.maps.LatLng(coordinates2[0],coordinates2[1]);</highlight></codeline>
<codeline lineno="96"><highlight class="stringliteral"><sp/><sp/><sp/><sp/>document.getElementById(&quot;map&quot;).name<sp/>=<sp/>php_results[1][&apos;</highlight><highlight class="normal">region_id</highlight><highlight class="stringliteral">&apos;];</highlight></codeline>
<codeline lineno="97"><highlight class="stringliteral"><sp/><sp/><sp/><sp/>var<sp/>mapCanvas2<sp/>=<sp/>document.getElementById(&quot;map2&quot;);</highlight></codeline>
<codeline lineno="98"><highlight class="stringliteral"><sp/><sp/><sp/><sp/>var<sp/>mapOptions2<sp/>=<sp/>{center:<sp/>myCenter2,<sp/>zoom:<sp/>6};</highlight></codeline>
<codeline lineno="99"><highlight class="stringliteral"><sp/><sp/><sp/><sp/>var<sp/>map2<sp/>=<sp/>new<sp/>google.maps.Map(mapCanvas2,<sp/>mapOptions2);</highlight></codeline>
<codeline lineno="100"><highlight class="stringliteral"><sp/><sp/><sp/><sp/>var<sp/>marker_2<sp/>=<sp/>new<sp/>google.maps.Marker({position:myCenter2});</highlight></codeline>
<codeline lineno="101"><highlight class="stringliteral"><sp/><sp/><sp/><sp/>marker_2.setMap(map2);</highlight></codeline>
<codeline lineno="102"><highlight class="stringliteral"><sp/><sp/><sp/><sp/>google.maps.event.addListener(marker_2,&apos;</highlight><highlight class="normal">click</highlight><highlight class="stringliteral">&apos;,function()<sp/>{</highlight></codeline>
<codeline lineno="103"><highlight class="stringliteral"><sp/><sp/><sp/><sp/><sp/><sp/><sp/><sp/>console.log(&apos;</highlight><highlight class="normal">Clicked<sp/>on<sp/>marker_2</highlight><highlight class="stringliteral">&apos;);/*<sp/>Change<sp/>to<sp/>function<sp/>for<sp/>on<sp/>click<sp/>**/</highlight></codeline>
<codeline lineno="104"><highlight class="stringliteral"><sp/><sp/><sp/><sp/><sp/><sp/><sp/><sp/>window.open(document.URL.replace(&quot;_index2.php&quot;,&quot;info.php?name=&quot;)+php_results[1][&apos;</highlight><highlight class="normal">name</highlight><highlight class="stringliteral">&apos;]);</highlight></codeline>
<codeline lineno="105"><highlight class="stringliteral"><sp/><sp/><sp/><sp/>});</highlight></codeline>
<codeline lineno="106"><highlight class="stringliteral"><sp/><sp/><sp/><sp/>/*<sp/>Add<sp/>mouseover<sp/>and<sp/>mouseout<sp/>events<sp/>**/</highlight></codeline>
<codeline lineno="107"><highlight class="stringliteral"><sp/><sp/><sp/><sp/>var<sp/>infowindow_2<sp/>=<sp/>new<sp/>google.maps.InfoWindow();</highlight></codeline>
<codeline lineno="108"><highlight class="stringliteral"><sp/><sp/><sp/><sp/>google.maps.event.addListener(marker_2,&apos;</highlight><highlight class="normal">mouseover</highlight><highlight class="stringliteral">&apos;,<sp/>function()<sp/>{</highlight></codeline>
<codeline lineno="109"><highlight class="stringliteral"><sp/><sp/><sp/><sp/><sp/><sp/><sp/><sp/>infowindow_2.setContent(contentString_2);</highlight></codeline>
<codeline lineno="110"><highlight class="stringliteral"><sp/><sp/><sp/><sp/><sp/><sp/><sp/><sp/>infowindow_2.open(map2,<sp/>marker_2);</highlight></codeline>
<codeline lineno="111"><highlight class="stringliteral"><sp/><sp/><sp/><sp/>});</highlight></codeline>
<codeline lineno="112"><highlight class="stringliteral"><sp/><sp/><sp/><sp/>google.maps.event.addListener(marker_2,&apos;</highlight><highlight class="normal">mouseout</highlight><highlight class="stringliteral">&apos;,<sp/>function()<sp/>{</highlight></codeline>
<codeline lineno="113"><highlight class="stringliteral"><sp/><sp/><sp/><sp/><sp/><sp/><sp/><sp/>setTimeout(function(){infowindow_2.close();},150);</highlight></codeline>
<codeline lineno="114"><highlight class="stringliteral"><sp/><sp/><sp/><sp/>});</highlight></codeline>
<codeline lineno="115"><highlight class="stringliteral"><sp/>&lt;?php<sp/></highlight></codeline>
<codeline lineno="117" refid="__index2_82_8php_1a49a8a4009b02e49717caa88b128affc5" refkind="member"><highlight class="stringliteral"><sp/><sp/><sp/><sp/>$res=call_sql(&quot;select<sp/>a.vinyard,<sp/>b.name<sp/>as<sp/>name,<sp/>region_id,<sp/>coordinates,<sp/>description,<sp/>alcohol,<sp/>dryness_sweetness,<sp/>producer,<sp/>bottle_size,<sp/>vintage,c.name<sp/>as<sp/>wname<sp/>from<sp/>vinyard<sp/>a<sp/>left<sp/>join<sp/>location<sp/>b<sp/>on<sp/>(a.location_id=b.location_id)<sp/>left<sp/>join<sp/>wine<sp/>c<sp/>on<sp/>(a.vinyard=c.vinyard)&quot;);</highlight></codeline>
<codeline lineno="119" refid="__index2_82_8php_1a03ca88a7b5771a0499970901cfbc914a" refkind="member"><highlight class="stringliteral"><sp/><sp/><sp/><sp/>for($x=0;$x&lt;count($res);$x++){</highlight></codeline>
<codeline lineno="120"><highlight class="stringliteral"><sp/><sp/><sp/><sp/><sp/><sp/><sp/><sp/>/*<sp/>split<sp/>coordinates<sp/>into<sp/>lat<sp/>and<sp/>long<sp/>**/</highlight></codeline>
<codeline lineno="121"><highlight class="stringliteral"><sp/><sp/><sp/><sp/><sp/><sp/><sp/><sp/>$co<sp/>=<sp/>explode(&quot;,<sp/>&quot;,$res[$x][&apos;</highlight><highlight class="normal">coordinates</highlight><highlight class="stringliteral">&apos;]);</highlight></codeline>
<codeline lineno="122"><highlight class="stringliteral"><sp/><sp/><sp/><sp/><sp/><sp/><sp/><sp/>$co2=str_replace(&quot;<sp/>&quot;,&quot;&quot;,$res[$x][&apos;</highlight><highlight class="normal">coordinates</highlight><highlight class="stringliteral">&apos;]);</highlight></codeline>
<codeline lineno="123"><highlight class="stringliteral"><sp/><sp/><sp/><sp/><sp/><sp/><sp/><sp/>/*<sp/>get<sp/>weather<sp/>data<sp/>**/</highlight></codeline>
<codeline lineno="124"><highlight class="stringliteral"><sp/><sp/><sp/><sp/><sp/><sp/><sp/><sp/>$weather_data<sp/>=<sp/>json_decode(file_get_contents(&quot;http://api.wunderground.com/api/d3dcc2a04d05c0ca/geolookup/q/$co2.json&quot;),true);</highlight></codeline>
<codeline lineno="125"><highlight class="stringliteral"><sp/><sp/><sp/><sp/><sp/><sp/><sp/><sp/>$city<sp/>=<sp/>str_replace(&quot;<sp/>&quot;,&quot;_&quot;,$weather_data[&apos;</highlight><highlight class="normal">location</highlight><highlight class="stringliteral">&apos;][&apos;</highlight><highlight class="normal">city</highlight><highlight class="stringliteral">&apos;]);</highlight></codeline>
<codeline lineno="126"><highlight class="stringliteral"><sp/><sp/><sp/><sp/><sp/><sp/><sp/><sp/>$country<sp/>=<sp/>$weather_data[&apos;</highlight><highlight class="normal">location</highlight><highlight class="stringliteral">&apos;][&apos;</highlight><highlight class="normal">country</highlight><highlight class="stringliteral">&apos;];</highlight></codeline>
<codeline lineno="127"><highlight class="stringliteral"><sp/><sp/><sp/><sp/><sp/><sp/><sp/><sp/>$city_weather<sp/>=<sp/>json_decode(file_get_contents(&quot;http://api.wunderground.com/api/d3dcc2a04d05c0ca/conditions/q/$country/$city.json&quot;),true);</highlight></codeline>
<codeline lineno="128"><highlight class="stringliteral"><sp/><sp/><sp/><sp/><sp/><sp/><sp/><sp/>$city_forecast<sp/>=<sp/>json_decode(file_get_contents(&quot;http://api.wunderground.com/api/d3dcc2a04d05c0ca/forecast/q/$country/$city.json&quot;),true);</highlight></codeline>
<codeline lineno="129"><highlight class="stringliteral"><sp/><sp/><sp/><sp/><sp/><sp/><sp/><sp/>/*<sp/>echo<sp/>javascript<sp/>setting<sp/>up<sp/>marker<sp/>**/</highlight></codeline>
<codeline lineno="130"><highlight class="stringliteral"><sp/><sp/><sp/><sp/><sp/><sp/><sp/><sp/>echo<sp/>&quot;var<sp/>myCenter$x<sp/>=<sp/>new<sp/>google.maps.LatLng($co[0],$co[1]);&quot;;</highlight></codeline>
<codeline lineno="131"><highlight class="stringliteral"><sp/><sp/><sp/><sp/><sp/><sp/><sp/><sp/>echo<sp/>&quot;var<sp/>marker$x<sp/>=<sp/>new<sp/>google.maps.Marker({position:myCenter$x});&quot;;</highlight></codeline>
<codeline lineno="132"><highlight class="stringliteral"><sp/><sp/><sp/><sp/><sp/><sp/><sp/><sp/>/*<sp/>setup<sp/>variables<sp/>to<sp/>use<sp/>in<sp/>marker<sp/>**/</highlight></codeline>
<codeline lineno="133"><highlight class="stringliteral"><sp/><sp/><sp/><sp/><sp/><sp/><sp/><sp/>/*<sp/>work<sp/>out<sp/>which<sp/>map<sp/>to<sp/>plot<sp/>point<sp/>on<sp/>**/</highlight></codeline>
<codeline lineno="134"><highlight class="stringliteral"><sp/><sp/><sp/><sp/><sp/><sp/><sp/><sp/>if($res[$x][&apos;</highlight><highlight class="normal">region_id</highlight><highlight class="stringliteral">&apos;]==1){</highlight></codeline>
<codeline lineno="135"><highlight class="stringliteral"><sp/><sp/><sp/><sp/><sp/><sp/><sp/><sp/><sp/><sp/><sp/><sp/>$map=&quot;map&quot;;</highlight></codeline>
<codeline lineno="136"><highlight class="stringliteral"><sp/><sp/><sp/><sp/><sp/><sp/><sp/><sp/>}<sp/>else<sp/>{</highlight></codeline>
<codeline lineno="137"><highlight class="stringliteral"><sp/><sp/><sp/><sp/><sp/><sp/><sp/><sp/><sp/><sp/><sp/><sp/>$map=&quot;map2&quot;;</highlight></codeline>
<codeline lineno="138"><highlight class="stringliteral"><sp/><sp/><sp/><sp/><sp/><sp/><sp/><sp/>}</highlight></codeline>
<codeline lineno="139"><highlight class="stringliteral"><sp/><sp/><sp/><sp/><sp/><sp/><sp/><sp/>$name<sp/>=<sp/>$res[$x][&apos;</highlight><highlight class="normal">name</highlight><highlight class="stringliteral">&apos;];</highlight></codeline>
<codeline lineno="140"><highlight class="stringliteral"><sp/><sp/><sp/><sp/><sp/><sp/><sp/><sp/>$wname<sp/>=<sp/>$res[$x][&apos;</highlight><highlight class="normal">wname</highlight><highlight class="stringliteral">&apos;];</highlight></codeline>
<codeline lineno="141"><highlight class="stringliteral"><sp/><sp/><sp/><sp/><sp/><sp/><sp/><sp/>$description<sp/>=<sp/>$res[$x][&apos;</highlight><highlight class="normal">description</highlight><highlight class="stringliteral">&apos;];</highlight></codeline>
<codeline lineno="142"><highlight class="stringliteral"><sp/><sp/><sp/><sp/><sp/><sp/><sp/><sp/>$vintage<sp/>=<sp/>$res[$x][&apos;</highlight><highlight class="normal">vintage</highlight><highlight class="stringliteral">&apos;];</highlight></codeline>
<codeline lineno="143"><highlight class="stringliteral"><sp/><sp/><sp/><sp/><sp/><sp/><sp/><sp/>$alcohol<sp/>=<sp/>$res[$x][&apos;</highlight><highlight class="normal">alcohol</highlight><highlight class="stringliteral">&apos;];</highlight></codeline>
<codeline lineno="144"><highlight class="stringliteral"><sp/><sp/><sp/><sp/><sp/><sp/><sp/><sp/>$producer<sp/>=<sp/>$res[$x][&apos;</highlight><highlight class="normal">producer</highlight><highlight class="stringliteral">&apos;];</highlight></codeline>
<codeline lineno="145"><highlight class="stringliteral"><sp/><sp/><sp/><sp/><sp/><sp/><sp/><sp/>$bsize<sp/>=<sp/>$res[$x][&apos;</highlight><highlight class="normal">bottle_size</highlight><highlight class="stringliteral">&apos;];</highlight></codeline>
<codeline lineno="146"><highlight class="stringliteral"><sp/><sp/><sp/><sp/><sp/><sp/><sp/><sp/>$dry_sweet<sp/>=<sp/>$res[$x][&apos;</highlight><highlight class="normal">dryness_sweetness</highlight><highlight class="stringliteral">&apos;];</highlight></codeline>
<codeline lineno="147"><highlight class="stringliteral"><sp/><sp/><sp/><sp/><sp/><sp/><sp/><sp/>$current_rain<sp/>=<sp/>$city_weather[&apos;</highlight><highlight class="normal">current_observation</highlight><highlight class="stringliteral">&apos;][&apos;</highlight><highlight class="normal">precip_today_string</highlight><highlight class="stringliteral">&apos;];</highlight></codeline>
<codeline lineno="148"><highlight class="stringliteral"><sp/><sp/><sp/><sp/><sp/><sp/><sp/><sp/>$current_temp<sp/>=<sp/>$city_weather[&apos;</highlight><highlight class="normal">current_observation</highlight><highlight class="stringliteral">&apos;][&apos;</highlight><highlight class="normal">temperature_string</highlight><highlight class="stringliteral">&apos;];</highlight></codeline>
<codeline lineno="149"><highlight class="stringliteral"><sp/><sp/><sp/><sp/><sp/><sp/><sp/><sp/>$current_wind<sp/>=<sp/>$city_weather[&apos;</highlight><highlight class="normal">current_observation</highlight><highlight class="stringliteral">&apos;][&apos;</highlight><highlight class="normal">wind_string</highlight><highlight class="stringliteral">&apos;];</highlight></codeline>
<codeline lineno="150"><highlight class="stringliteral"><sp/><sp/><sp/><sp/><sp/><sp/><sp/><sp/>$forecast_1<sp/>=<sp/>$city_forecast[&apos;</highlight><highlight class="normal">forecast</highlight><highlight class="stringliteral">&apos;][&apos;</highlight><highlight class="normal">txt_forecast</highlight><highlight class="stringliteral">&apos;][&apos;</highlight><highlight class="normal">forecastday</highlight><highlight class="stringliteral">&apos;][&apos;</highlight><highlight class="normal">1</highlight><highlight class="stringliteral">&apos;][&apos;</highlight><highlight class="normal">fcttext_metric</highlight><highlight class="stringliteral">&apos;];</highlight></codeline>
<codeline lineno="151"><highlight class="stringliteral"><sp/><sp/><sp/><sp/><sp/><sp/><sp/><sp/>$forecast_1_day<sp/>=<sp/>$city_forecast[&apos;</highlight><highlight class="normal">forecast</highlight><highlight class="stringliteral">&apos;][&apos;</highlight><highlight class="normal">txt_forecast</highlight><highlight class="stringliteral">&apos;][&apos;</highlight><highlight class="normal">forecastday</highlight><highlight class="stringliteral">&apos;][&apos;</highlight><highlight class="normal">1</highlight><highlight class="stringliteral">&apos;][&apos;</highlight><highlight class="normal">title</highlight><highlight class="stringliteral">&apos;];</highlight></codeline>
<codeline lineno="152"><highlight class="stringliteral"><sp/><sp/><sp/><sp/><sp/><sp/><sp/><sp/>$forecast_2<sp/>=<sp/>$city_forecast[&apos;</highlight><highlight class="normal">forecast</highlight><highlight class="stringliteral">&apos;][&apos;</highlight><highlight class="normal">txt_forecast</highlight><highlight class="stringliteral">&apos;][&apos;</highlight><highlight class="normal">forecastday</highlight><highlight class="stringliteral">&apos;][&apos;</highlight><highlight class="normal">2</highlight><highlight class="stringliteral">&apos;][&apos;</highlight><highlight class="normal">fcttext_metric</highlight><highlight class="stringliteral">&apos;];</highlight></codeline>
<codeline lineno="153"><highlight class="stringliteral"><sp/><sp/><sp/><sp/><sp/><sp/><sp/><sp/>$forecast_2_day<sp/>=<sp/>$city_forecast[&apos;</highlight><highlight class="normal">forecast</highlight><highlight class="stringliteral">&apos;][&apos;</highlight><highlight class="normal">txt_forecast</highlight><highlight class="stringliteral">&apos;][&apos;</highlight><highlight class="normal">forecastday</highlight><highlight class="stringliteral">&apos;][&apos;</highlight><highlight class="normal">2</highlight><highlight class="stringliteral">&apos;][&apos;</highlight><highlight class="normal">title</highlight><highlight class="stringliteral">&apos;];</highlight></codeline>
<codeline lineno="154"><highlight class="stringliteral"><sp/><sp/><sp/><sp/><sp/><sp/><sp/><sp/>$forecast_3<sp/>=<sp/>$city_forecast[&apos;</highlight><highlight class="normal">forecast</highlight><highlight class="stringliteral">&apos;][&apos;</highlight><highlight class="normal">txt_forecast</highlight><highlight class="stringliteral">&apos;][&apos;</highlight><highlight class="normal">forecastday</highlight><highlight class="stringliteral">&apos;][&apos;</highlight><highlight class="normal">3</highlight><highlight class="stringliteral">&apos;][&apos;</highlight><highlight class="normal">fcttext_metric</highlight><highlight class="stringliteral">&apos;];</highlight></codeline>
<codeline lineno="155"><highlight class="stringliteral"><sp/><sp/><sp/><sp/><sp/><sp/><sp/><sp/>$forecast_3_day<sp/>=<sp/>$city_forecast[&apos;</highlight><highlight class="normal">forecast</highlight><highlight class="stringliteral">&apos;][&apos;</highlight><highlight class="normal">txt_forecast</highlight><highlight class="stringliteral">&apos;][&apos;</highlight><highlight class="normal">forecastday</highlight><highlight class="stringliteral">&apos;][&apos;</highlight><highlight class="normal">3</highlight><highlight class="stringliteral">&apos;][&apos;</highlight><highlight class="normal">title</highlight><highlight class="stringliteral">&apos;];</highlight></codeline>
<codeline lineno="156"><highlight class="stringliteral"><sp/><sp/><sp/><sp/><sp/><sp/><sp/><sp/>$forecast_4<sp/>=<sp/>$city_forecast[&apos;</highlight><highlight class="normal">forecast</highlight><highlight class="stringliteral">&apos;][&apos;</highlight><highlight class="normal">txt_forecast</highlight><highlight class="stringliteral">&apos;][&apos;</highlight><highlight class="normal">forecastday</highlight><highlight class="stringliteral">&apos;][&apos;</highlight><highlight class="normal">4</highlight><highlight class="stringliteral">&apos;][&apos;</highlight><highlight class="normal">fcttext_metric</highlight><highlight class="stringliteral">&apos;];</highlight></codeline>
<codeline lineno="157"><highlight class="stringliteral"><sp/><sp/><sp/><sp/><sp/><sp/><sp/><sp/>$forecast_4_day<sp/>=<sp/>$city_forecast[&apos;</highlight><highlight class="normal">forecast</highlight><highlight class="stringliteral">&apos;][&apos;</highlight><highlight class="normal">txt_forecast</highlight><highlight class="stringliteral">&apos;][&apos;</highlight><highlight class="normal">forecastday</highlight><highlight class="stringliteral">&apos;][&apos;</highlight><highlight class="normal">4</highlight><highlight class="stringliteral">&apos;][&apos;</highlight><highlight class="normal">title</highlight><highlight class="stringliteral">&apos;];</highlight></codeline>
<codeline lineno="158"><highlight class="stringliteral"><sp/><sp/><sp/><sp/><sp/><sp/><sp/><sp/>$forecast_5<sp/>=<sp/>$city_forecast[&apos;</highlight><highlight class="normal">forecast</highlight><highlight class="stringliteral">&apos;][&apos;</highlight><highlight class="normal">txt_forecast</highlight><highlight class="stringliteral">&apos;][&apos;</highlight><highlight class="normal">forecastday</highlight><highlight class="stringliteral">&apos;][&apos;</highlight><highlight class="normal">5</highlight><highlight class="stringliteral">&apos;][&apos;</highlight><highlight class="normal">fcttext_metric</highlight><highlight class="stringliteral">&apos;];</highlight></codeline>
<codeline lineno="159"><highlight class="stringliteral"><sp/><sp/><sp/><sp/><sp/><sp/><sp/><sp/>$forecast_5_day<sp/>=<sp/>$city_forecast[&apos;</highlight><highlight class="normal">forecast</highlight><highlight class="stringliteral">&apos;][&apos;</highlight><highlight class="normal">txt_forecast</highlight><highlight class="stringliteral">&apos;][&apos;</highlight><highlight class="normal">forecastday</highlight><highlight class="stringliteral">&apos;][&apos;</highlight><highlight class="normal">5</highlight><highlight class="stringliteral">&apos;][&apos;</highlight><highlight class="normal">title</highlight><highlight class="stringliteral">&apos;];</highlight></codeline>
<codeline lineno="160"><highlight class="stringliteral"><sp/><sp/><sp/><sp/><sp/><sp/><sp/><sp/>$forecast_6<sp/>=<sp/>$city_forecast[&apos;</highlight><highlight class="normal">forecast</highlight><highlight class="stringliteral">&apos;][&apos;</highlight><highlight class="normal">txt_forecast</highlight><highlight class="stringliteral">&apos;][&apos;</highlight><highlight class="normal">forecastday</highlight><highlight class="stringliteral">&apos;][&apos;</highlight><highlight class="normal">6</highlight><highlight class="stringliteral">&apos;][&apos;</highlight><highlight class="normal">fcttext_metric</highlight><highlight class="stringliteral">&apos;];</highlight></codeline>
<codeline lineno="161"><highlight class="stringliteral"><sp/><sp/><sp/><sp/><sp/><sp/><sp/><sp/>$forecast_6_day<sp/>=<sp/>$city_forecast[&apos;</highlight><highlight class="normal">forecast</highlight><highlight class="stringliteral">&apos;][&apos;</highlight><highlight class="normal">txt_forecast</highlight><highlight class="stringliteral">&apos;][&apos;</highlight><highlight class="normal">forecastday</highlight><highlight class="stringliteral">&apos;][&apos;</highlight><highlight class="normal">6</highlight><highlight class="stringliteral">&apos;][&apos;</highlight><highlight class="normal">title</highlight><highlight class="stringliteral">&apos;];</highlight></codeline>
<codeline lineno="162"><highlight class="stringliteral"><sp/><sp/><sp/><sp/><sp/><sp/><sp/><sp/>$forecast_7<sp/>=<sp/>$city_forecast[&apos;</highlight><highlight class="normal">forecast</highlight><highlight class="stringliteral">&apos;][&apos;</highlight><highlight class="normal">txt_forecast</highlight><highlight class="stringliteral">&apos;][&apos;</highlight><highlight class="normal">forecastday</highlight><highlight class="stringliteral">&apos;][&apos;</highlight><highlight class="normal">7</highlight><highlight class="stringliteral">&apos;][&apos;</highlight><highlight class="normal">fcttext_metric</highlight><highlight class="stringliteral">&apos;];</highlight></codeline>
<codeline lineno="163"><highlight class="stringliteral"><sp/><sp/><sp/><sp/><sp/><sp/><sp/><sp/>$forecast_7_day<sp/>=<sp/>$city_forecast[&apos;</highlight><highlight class="normal">forecast</highlight><highlight class="stringliteral">&apos;][&apos;</highlight><highlight class="normal">txt_forecast</highlight><highlight class="stringliteral">&apos;][&apos;</highlight><highlight class="normal">forecastday</highlight><highlight class="stringliteral">&apos;][&apos;</highlight><highlight class="normal">7</highlight><highlight class="stringliteral">&apos;][&apos;</highlight><highlight class="normal">title</highlight><highlight class="stringliteral">&apos;];</highlight></codeline>
<codeline lineno="164"><highlight class="stringliteral"><sp/><sp/><sp/><sp/><sp/><sp/><sp/><sp/>/$forecast_weather<sp/>=<sp/>$res[$x][&apos;</highlight><highlight class="normal">dryness_sweetness</highlight><highlight class="stringliteral">&apos;];</highlight></codeline>
<codeline lineno="165"><highlight class="stringliteral"><sp/><sp/><sp/><sp/><sp/><sp/><sp/><sp/>echo<sp/>&quot;marker$x.setMap($map);&quot;;</highlight></codeline>
<codeline lineno="166"><highlight class="stringliteral"><sp/><sp/><sp/><sp/><sp/><sp/><sp/><sp/>/*<sp/>echo<sp/>content<sp/>of<sp/>infowindow<sp/>**/</highlight></codeline>
<codeline lineno="167"><highlight class="stringliteral"><sp/><sp/><sp/><sp/><sp/><sp/><sp/><sp/>echo<sp/>&quot;var<sp/>contentString$x<sp/>=</highlight></codeline>
<codeline lineno="168"><highlight class="stringliteral"><sp/><sp/><sp/><sp/><sp/><sp/><sp/><sp/><sp/><sp/><sp/><sp/>&apos;</highlight><highlight class="normal">&lt;div<sp/></highlight><highlight class="keywordtype">id</highlight><highlight class="normal">=\</highlight><highlight class="stringliteral">&quot;content$x\&quot;&gt;&apos;+<sp/></highlight></codeline>
<codeline lineno="169"><highlight class="stringliteral"><sp/><sp/><sp/><sp/><sp/><sp/><sp/><sp/><sp/><sp/><sp/><sp/>&apos;&lt;h3<sp/>id<sp/>=<sp/>\&quot;title$x\&quot;&gt;$name&lt;/h3&gt;&apos;+</highlight></codeline>
<codeline lineno="170"><highlight class="stringliteral"><sp/><sp/><sp/><sp/><sp/><sp/><sp/><sp/><sp/><sp/><sp/><sp/>&apos;&lt;div<sp/>id<sp/>=<sp/>\&quot;bodycontent$x\&quot;&gt;&apos;+</highlight></codeline>
<codeline lineno="171"><highlight class="stringliteral"><sp/><sp/><sp/><sp/><sp/><sp/><sp/><sp/><sp/><sp/><sp/><sp/>&apos;&lt;p&gt;$wname&lt;br&gt;&apos;+</highlight></codeline>
<codeline lineno="172"><highlight class="stringliteral"><sp/><sp/><sp/><sp/><sp/><sp/><sp/><sp/><sp/><sp/><sp/><sp/>&apos;Producer:<sp/>$producer&lt;br&gt;&apos;+</highlight></codeline>
<codeline lineno="173"><highlight class="stringliteral"><sp/><sp/><sp/><sp/><sp/><sp/><sp/><sp/><sp/><sp/><sp/><sp/>&apos;$description&lt;br&gt;&apos;+</highlight></codeline>
<codeline lineno="174"><highlight class="stringliteral"><sp/><sp/><sp/><sp/><sp/><sp/><sp/><sp/><sp/><sp/><sp/><sp/>&apos;Vintage:<sp/>$vintage&lt;br&gt;&apos;+</highlight></codeline>
<codeline lineno="175"><highlight class="stringliteral"><sp/><sp/><sp/><sp/><sp/><sp/><sp/><sp/><sp/><sp/><sp/><sp/>&apos;Alcohol:<sp/>$alcohol%&lt;br&gt;&apos;+</highlight></codeline>
<codeline lineno="176"><highlight class="stringliteral"><sp/><sp/><sp/><sp/><sp/><sp/><sp/><sp/><sp/><sp/><sp/><sp/>&apos;Bottle<sp/>Size:<sp/>$bsize<sp/>ml&lt;br&gt;&apos;+</highlight></codeline>
<codeline lineno="177"><highlight class="stringliteral"><sp/><sp/><sp/><sp/><sp/><sp/><sp/><sp/><sp/><sp/><sp/><sp/>&apos;Dryness/Sweetness:<sp/>$dry_sweet&lt;br&gt;&apos;+</highlight></codeline>
<codeline lineno="178"><highlight class="stringliteral"><sp/><sp/><sp/><sp/><sp/><sp/><sp/><sp/><sp/><sp/><sp/><sp/>&apos;Todays<sp/>Rainfall:<sp/>$current_rain&lt;br&gt;&apos;+</highlight></codeline>
<codeline lineno="179"><highlight class="stringliteral"><sp/><sp/><sp/><sp/><sp/><sp/><sp/><sp/><sp/><sp/><sp/><sp/>&apos;Todays<sp/>Temperature:<sp/>$current_temp&lt;br&gt;&apos;+</highlight></codeline>
<codeline lineno="180"><highlight class="stringliteral"><sp/><sp/><sp/><sp/><sp/><sp/><sp/><sp/><sp/><sp/><sp/><sp/>&apos;Todays<sp/>Wind:<sp/>$current_wind&lt;br&gt;&apos;+</highlight></codeline>
<codeline lineno="181"><highlight class="stringliteral"><sp/><sp/><sp/><sp/><sp/><sp/><sp/><sp/><sp/><sp/><sp/><sp/>&apos;$forecast_1_day<sp/>:<sp/>$forecast_1&lt;br&gt;&apos;+</highlight></codeline>
<codeline lineno="182"><highlight class="stringliteral"><sp/><sp/><sp/><sp/><sp/><sp/><sp/><sp/><sp/><sp/><sp/><sp/>&apos;$forecast_2_day<sp/>:<sp/>$forecast_2&lt;br&gt;&apos;+</highlight></codeline>
<codeline lineno="183"><highlight class="stringliteral"><sp/><sp/><sp/><sp/><sp/><sp/><sp/><sp/><sp/><sp/><sp/><sp/>&apos;$forecast_3_day<sp/>:<sp/>$forecast_3&lt;br&gt;&apos;+</highlight></codeline>
<codeline lineno="184"><highlight class="stringliteral"><sp/><sp/><sp/><sp/><sp/><sp/><sp/><sp/><sp/><sp/><sp/><sp/>&apos;$forecast_4_day<sp/>:<sp/>$forecast_4&lt;br&gt;&apos;+</highlight></codeline>
<codeline lineno="185"><highlight class="stringliteral"><sp/><sp/><sp/><sp/><sp/><sp/><sp/><sp/><sp/><sp/><sp/><sp/>&apos;$forecast_5_day<sp/>:<sp/>$forecast_5&lt;br&gt;&apos;+</highlight></codeline>
<codeline lineno="186"><highlight class="stringliteral"><sp/><sp/><sp/><sp/><sp/><sp/><sp/><sp/><sp/><sp/><sp/><sp/>&apos;$forecast_6_day<sp/>:<sp/>$forecast_6&lt;br&gt;&apos;+</highlight></codeline>
<codeline lineno="187"><highlight class="stringliteral"><sp/><sp/><sp/><sp/><sp/><sp/><sp/><sp/><sp/><sp/><sp/><sp/>&apos;&lt;/p&gt;&apos;+</highlight></codeline>
<codeline lineno="188"><highlight class="stringliteral"><sp/><sp/><sp/><sp/><sp/><sp/><sp/><sp/><sp/><sp/><sp/><sp/>&apos;&lt;/div&gt;&apos;+</highlight></codeline>
<codeline lineno="189"><highlight class="stringliteral"><sp/><sp/><sp/><sp/><sp/><sp/><sp/><sp/><sp/><sp/><sp/><sp/>&apos;&lt;/div&gt;&apos;;&quot;</highlight><highlight class="normal">;</highlight></codeline>
<codeline lineno="190"><highlight class="normal"><sp/><sp/><sp/><sp/><sp/><sp/><sp/><sp/><sp/><sp/><sp/><sp/><sp/><sp/><sp/><sp/><sp/><sp/><sp/><sp/><sp/><sp/><sp/><sp/></highlight></codeline>
<codeline lineno="191"><highlight class="normal"><sp/><sp/><sp/><sp/><sp/><sp/><sp/><sp/>echo<sp/></highlight><highlight class="stringliteral">&quot;var<sp/>infowindow$x<sp/>=<sp/>new<sp/>google.maps.InfoWindow();&quot;</highlight><highlight class="normal">;</highlight></codeline>
<codeline lineno="192"><highlight class="normal"><sp/><sp/><sp/><sp/><sp/><sp/><sp/><sp/></highlight><highlight class="comment">/*<sp/>add<sp/>mouseover<sp/>and<sp/>mouseout<sp/>event<sp/>**/</highlight><highlight class="normal"></highlight></codeline>
<codeline lineno="193"><highlight class="normal"><sp/><sp/><sp/><sp/><sp/><sp/><sp/><sp/>echo<sp/></highlight><highlight class="stringliteral">&quot;google.maps.event.addListener(marker$x,&apos;mouseover&apos;,<sp/>function()<sp/>{&quot;</highlight><highlight class="normal">;</highlight></codeline>
<codeline lineno="194"><highlight class="normal"><sp/><sp/><sp/><sp/><sp/><sp/><sp/><sp/>echo<sp/></highlight><highlight class="stringliteral">&quot;infowindow$x.setContent(contentString$x);&quot;</highlight><highlight class="normal">;</highlight></codeline>
<codeline lineno="195"><highlight class="normal"><sp/><sp/><sp/><sp/><sp/><sp/><sp/><sp/>echo<sp/></highlight><highlight class="stringliteral">&quot;infowindow$x.open($map,<sp/>marker$x);});&quot;</highlight><highlight class="normal">;</highlight></codeline>
<codeline lineno="196"><highlight class="normal"><sp/><sp/><sp/><sp/><sp/><sp/><sp/><sp/>echo<sp/></highlight><highlight class="stringliteral">&quot;google.maps.event.addListener(marker$x,&apos;mouseout&apos;,<sp/>function()<sp/>{&quot;</highlight><highlight class="normal">;</highlight></codeline>
<codeline lineno="197"><highlight class="normal"><sp/><sp/><sp/><sp/><sp/><sp/><sp/><sp/>echo<sp/></highlight><highlight class="stringliteral">&quot;setTimeout(function(){infowindow$x.close();},150);});&quot;</highlight><highlight class="normal">;</highlight></codeline>
<codeline lineno="198"><highlight class="normal"><sp/><sp/><sp/><sp/><sp/><sp/><sp/><sp/></highlight><highlight class="comment">/*<sp/>add<sp/>onlick<sp/>event<sp/>**/</highlight><highlight class="normal"></highlight></codeline>
<codeline lineno="199"><highlight class="normal"><sp/><sp/><sp/><sp/><sp/><sp/><sp/><sp/>echo<sp/></highlight><highlight class="stringliteral">&quot;google.maps.event.addListener(marker$x,&apos;click&apos;,function()<sp/>{&quot;</highlight><highlight class="normal">;</highlight></codeline>
<codeline lineno="200"><highlight class="normal"><sp/><sp/><sp/><sp/><sp/><sp/><sp/><sp/>echo<sp/></highlight><highlight class="stringliteral">&quot;console.log(&apos;Clicked<sp/>on<sp/>marker$x&apos;);&quot;</highlight><highlight class="normal">;</highlight><highlight class="comment">/*<sp/>Change<sp/>to<sp/>function<sp/>for<sp/>on<sp/>click<sp/>**/</highlight><highlight class="normal"></highlight></codeline>
<codeline lineno="201"><highlight class="normal"><sp/><sp/><sp/><sp/><sp/><sp/><sp/><sp/>echo<sp/></highlight><highlight class="stringliteral">&quot;window.open(document.URL.replace(&apos;_index2.php&apos;,&apos;info.php?name=&apos;)+&apos;$name&apos;);&quot;</highlight><highlight class="normal">;</highlight></codeline>
<codeline lineno="202"><highlight class="normal"><sp/><sp/><sp/><sp/><sp/><sp/><sp/><sp/>echo<sp/></highlight><highlight class="stringliteral">&quot;});&quot;</highlight><highlight class="normal">;</highlight></codeline>
<codeline lineno="203"><highlight class="normal"><sp/><sp/><sp/><sp/>}</highlight></codeline>
<codeline lineno="204"><highlight class="normal"></highlight></codeline>
<codeline lineno="205"><highlight class="normal"><sp/><sp/><sp/><sp/></highlight></codeline>
<codeline lineno="206"><highlight class="normal"><sp/>?&gt;</highlight></codeline>
<codeline lineno="207"><highlight class="normal"><sp/></highlight></codeline>
<codeline lineno="208"><highlight class="normal">}</highlight></codeline>
<codeline lineno="209"><highlight class="normal"></highlight><highlight class="comment">/*<sp/>set<sp/>above<sp/>sql<sp/>query<sp/>to<sp/>javascript<sp/>var<sp/>for<sp/>debugging<sp/>**/</highlight><highlight class="normal"></highlight></codeline>
<codeline lineno="210"><highlight class="normal">var<sp/>sql_res<sp/>=<sp/>&lt;?php<sp/>echo<sp/>json_encode(<ref refid="__index2_82_8php_1a49a8a4009b02e49717caa88b128affc5" kindref="member">$res</ref>);<sp/>?&gt;;</highlight></codeline>
<codeline lineno="211"><highlight class="normal">&lt;/script&gt;</highlight></codeline>
<codeline lineno="212"><highlight class="normal"></highlight></codeline>
<codeline lineno="213"><highlight class="normal">&lt;script<sp/>src=</highlight><highlight class="stringliteral">&quot;https://maps.googleapis.com/maps/api/js?key=AIzaSyASXH_VuR10UOH_WmjTcYz7KNSTPIPBI5E&amp;callback=myMap&quot;</highlight><highlight class="normal">&gt;&lt;/script&gt;</highlight></codeline>
<codeline lineno="214"><highlight class="normal"></highlight></codeline>
<codeline lineno="215"><highlight class="normal">&lt;P&gt;<sp/></highlight></codeline>
<codeline lineno="216"><highlight class="normal"><sp/><sp/><sp/><sp/>Placeholder:http:</highlight><highlight class="comment">//biostall.com/demos/google-maps-v3-api-codeigniter-library/multiplemaps</highlight><highlight class="normal"></highlight></codeline>
<codeline lineno="217"><highlight class="normal"><sp/><sp/><sp/><sp/>AIzaSyASXH_VuR10UOH_WmjTcYz7KNSTPIPBI5E&amp;callback=initMap</highlight><highlight class="stringliteral">&quot;&gt;</highlight></codeline>
<codeline lineno="218"><highlight class="stringliteral"><sp/><sp/><sp/><sp/></highlight></codeline>
<codeline lineno="219"><highlight class="stringliteral"><sp/><sp/><sp/><sp/>&lt;/P&gt;</highlight></codeline>
<codeline lineno="220"><highlight class="stringliteral"></highlight></codeline>
<codeline lineno="221"><highlight class="stringliteral"></highlight></codeline>
<codeline lineno="222"><highlight class="stringliteral"></highlight></codeline>
<codeline lineno="223"><highlight class="stringliteral">&lt;!--</highlight></codeline>
<codeline lineno="224"><highlight class="stringliteral">To<sp/>use<sp/>this<sp/>code<sp/>on<sp/>your<sp/>website,<sp/>get<sp/>a<sp/>free<sp/>API<sp/>key<sp/>from<sp/>Google.</highlight></codeline>
<codeline lineno="225"><highlight class="stringliteral">Read<sp/>more<sp/>at:<sp/>http://www.w3schools.com/graphics/google_maps_basic.asp</highlight></codeline>
<codeline lineno="226"><highlight class="stringliteral">--&gt;</highlight></codeline>
<codeline lineno="227"><highlight class="stringliteral"></highlight></codeline>
<codeline lineno="228"><highlight class="stringliteral">&lt;/body&gt;</highlight></codeline>
<codeline lineno="229"><highlight class="stringliteral">&lt;/html&gt;</highlight></codeline>
    </programlisting>
    <location file="C:/Users/David/Desktop/dsa_cw-master/_index2.2.php"/>
  </compounddef>
</doxygen>
