<?xml version='1.0' encoding='UTF-8' standalone='no'?>
<doxygen xmlns:xsi="http://www.w3.org/2001/XMLSchema-instance" xsi:noNamespaceSchemaLocation="compound.xsd" version="1.8.13">
  <compounddef id="db__connection_8php" kind="file" language="PHP">
    <compoundname>db_connection.php</compoundname>
      <sectiondef kind="var">
      <memberdef kind="variable" id="db__connection_8php_1a0d9c79b9b86b3f5891c6d3892f12c6a0" prot="public" static="no" mutable="no">
        <type></type>
        <definition>$connection</definition>
        <argsstring></argsstring>
        <name>$connection</name>
        <initializer>= mysqli_connect(&quot;mysql5&quot;, &quot;fet15005043&quot;, &quot;q3depaf7Ahap&quot;, &quot;fet15005043&quot;)</initializer>
        <briefdescription>
        </briefdescription>
        <detaileddescription>
<para>/$connection This file contains the log in credentials for the mysql server. It&apos;s the connection to the server </para>        </detaileddescription>
        <inbodydescription>
        </inbodydescription>
        <location file="C:/Users/David/Desktop/dsa_cw-master/db_connection.php" line="4" column="1" bodyfile="C:/Users/David/Desktop/dsa_cw-master/db_connection.php" bodystart="4" bodyend="-1"/>
      </memberdef>
      </sectiondef>
    <briefdescription>
    </briefdescription>
    <detaileddescription>
    </detaileddescription>
    <programlisting>
<codeline lineno="1"><highlight class="normal">&lt;?php</highlight></codeline>
<codeline lineno="4" refid="db__connection_8php_1a0d9c79b9b86b3f5891c6d3892f12c6a0" refkind="member"><highlight class="normal"><sp/><sp/><sp/><sp/><ref refid="db__connection_8php_1a0d9c79b9b86b3f5891c6d3892f12c6a0" kindref="member">$connection</ref><sp/>=<sp/>mysqli_connect(</highlight><highlight class="stringliteral">&quot;mysql5&quot;</highlight><highlight class="normal">,<sp/></highlight><highlight class="stringliteral">&quot;fet15005043&quot;</highlight><highlight class="normal">,<sp/></highlight><highlight class="stringliteral">&quot;q3depaf7Ahap&quot;</highlight><highlight class="normal">,<sp/></highlight><highlight class="stringliteral">&quot;fet15005043&quot;</highlight><highlight class="normal">);</highlight></codeline>
<codeline lineno="5"><highlight class="normal">?&gt;</highlight></codeline>
    </programlisting>
    <location file="C:/Users/David/Desktop/dsa_cw-master/db_connection.php"/>
  </compounddef>
</doxygen>
