<?xml version='1.0' encoding='UTF-8' standalone='no'?>
<doxygen xmlns:xsi="http://www.w3.org/2001/XMLSchema-instance" xsi:noNamespaceSchemaLocation="compound.xsd" version="1.8.13">
  <compounddef id="dir_f9ba929e9c9f2e8552110079975ba3f7" kind="dir">
    <compoundname>C:/Users/David/Desktop/dsa_cw-master</compoundname>
    <innerfile refid="__index_8php">_index.php</innerfile>
    <innerfile refid="__index2_82_8php">_index2.2.php</innerfile>
    <innerfile refid="__index2_8php">_index2.php</innerfile>
    <innerfile refid="db__connection_8php">db_connection.php</innerfile>
    <innerfile refid="info_8php">info.php</innerfile>
    <innerfile refid="info2_8php">info2.php</innerfile>
    <innerfile refid="keys_8php">keys.php</innerfile>
    <innerfile refid="setup__maps_8php">setup_maps.php</innerfile>
    <innerfile refid="sql_8php">sql.php</innerfile>
    <briefdescription>
    </briefdescription>
    <detaileddescription>
    </detaileddescription>
    <location file="C:/Users/David/Desktop/dsa_cw-master/"/>
  </compounddef>
</doxygen>
