<?xml version='1.0' encoding='UTF-8' standalone='no'?>
<doxygenindex xmlns:xsi="http://www.w3.org/2001/XMLSchema-instance" xsi:noNamespaceSchemaLocation="index.xsd" version="1.8.13">
  <compound refid="__index_8php" kind="file"><name>_index.php</name>
  </compound>
  <compound refid="__index2_82_8php" kind="file"><name>_index2.2.php</name>
    <member refid="__index2_82_8php_1a49a8a4009b02e49717caa88b128affc5" kind="variable"><name>$res</name></member>
    <member refid="__index2_82_8php_1a03ca88a7b5771a0499970901cfbc914a" kind="variable"><name>for</name></member>
  </compound>
  <compound refid="__index2_8php" kind="file"><name>_index2.php</name>
    <member refid="__index2_8php_1a49a8a4009b02e49717caa88b128affc5" kind="variable"><name>$res</name></member>
    <member refid="__index2_8php_1a03ca88a7b5771a0499970901cfbc914a" kind="variable"><name>for</name></member>
  </compound>
  <compound refid="db__connection_8php" kind="file"><name>db_connection.php</name>
    <member refid="db__connection_8php_1a0d9c79b9b86b3f5891c6d3892f12c6a0" kind="variable"><name>$connection</name></member>
  </compound>
  <compound refid="info_8php" kind="file"><name>info.php</name>
    <member refid="info_8php_1ab2fc40d43824ea3e1ce5d86dee0d763b" kind="variable"><name>$name</name></member>
    <member refid="info_8php_1a49a8a4009b02e49717caa88b128affc5" kind="variable"><name>$res</name></member>
    <member refid="info_8php_1a17351227938c682d6325129fa8ebbcfe" kind="variable"><name>else</name></member>
    <member refid="info_8php_1ac18805fec6bcb84fc681aac8ce84cdbb" kind="variable"><name>for</name></member>
    <member refid="info_8php_1a3e6f0791c64fd31de50047c26a386d09" kind="variable"><name>$co</name></member>
    <member refid="info_8php_1adacabc2e35728f14ace9b9f2a7ca4201" kind="variable"><name>$weather_data</name></member>
    <member refid="info_8php_1a5b9ddd3e3a69d8901270064346bdef49" kind="variable"><name>$city</name></member>
    <member refid="info_8php_1a1437a5f6eb157f0eb267a26e0ad4f1ba" kind="variable"><name>$country</name></member>
    <member refid="info_8php_1a9b549a448256b274c74786bbb07d03bc" kind="variable"><name>$city_weather</name></member>
    <member refid="info_8php_1a62c2723be166ae49619ccb145da7fb44" kind="variable"><name>$city_forecast</name></member>
    <member refid="info_8php_1af9a41e98f91b7d979f38d4d1c5f5ec0f" kind="variable"><name>$app_key</name></member>
    <member refid="info_8php_1ac84f6a5143b4b2cc09ee636972ecb4e2" kind="variable"><name>$app_secret</name></member>
    <member refid="info_8php_1a2386f7a09e61f83c3e0f08c186fb4a6e" kind="variable"><name>$flickr</name></member>
    <member refid="info_8php_1a7009542551e0ad5c4e0a84b09678ba11" kind="variable"><name>$option</name></member>
    <member refid="info_8php_1a93e4671da0172e59d78baf57cea4bcf6" kind="variable"><name>$result</name></member>
    <member refid="info_8php_1acedd13b51401130848ce18f4d5c52605" kind="variable"><name>$json</name></member>
    <member refid="info_8php_1a9008ed94ba185855b1723e367744b87e" kind="variable"><name>$obj</name></member>
    <member refid="info_8php_1ae76fdfc2f2441a30a1c59653be27c2e3" kind="variable"><name>$html</name></member>
  </compound>
  <compound refid="info2_8php" kind="file"><name>info2.php</name>
    <member refid="info2_8php_1ab2fc40d43824ea3e1ce5d86dee0d763b" kind="variable"><name>$name</name></member>
    <member refid="info2_8php_1a49a8a4009b02e49717caa88b128affc5" kind="variable"><name>$res</name></member>
    <member refid="info2_8php_1a255497d3880579f7d96acc68d35bbb91" kind="variable"><name>else</name></member>
    <member refid="info2_8php_1ac18805fec6bcb84fc681aac8ce84cdbb" kind="variable"><name>for</name></member>
    <member refid="info2_8php_1a3e6f0791c64fd31de50047c26a386d09" kind="variable"><name>$co</name></member>
    <member refid="info2_8php_1adacabc2e35728f14ace9b9f2a7ca4201" kind="variable"><name>$weather_data</name></member>
    <member refid="info2_8php_1a5b9ddd3e3a69d8901270064346bdef49" kind="variable"><name>$city</name></member>
    <member refid="info2_8php_1a1437a5f6eb157f0eb267a26e0ad4f1ba" kind="variable"><name>$country</name></member>
    <member refid="info2_8php_1a9b549a448256b274c74786bbb07d03bc" kind="variable"><name>$city_weather</name></member>
    <member refid="info2_8php_1a62c2723be166ae49619ccb145da7fb44" kind="variable"><name>$city_forecast</name></member>
  </compound>
  <compound refid="keys_8php" kind="file"><name>keys.php</name>
    <member refid="keys_8php_1aa980cb3bc74cd33d3c820ff1788b84ec" kind="variable"><name>$weather_key</name></member>
    <member refid="keys_8php_1aea9d09c36a3a7df4ec51aa1b0384ca45" kind="variable"><name>$map_key</name></member>
  </compound>
  <compound refid="README_8md" kind="file"><name>README.md</name>
  </compound>
  <compound refid="setup__maps_8php" kind="file"><name>setup_maps.php</name>
    <member refid="setup__maps_8php_1af59a5f7cd609e592c41dc3643efd3c98" kind="variable"><name>$query</name></member>
    <member refid="setup__maps_8php_1a233d12bd8b6d3453e9a7a3f0b8c31db2" kind="variable"><name>$results</name></member>
  </compound>
  <compound refid="sql_8php" kind="file"><name>sql.php</name>
    <member refid="sql_8php_1a76c56b4acb512d7447d8c1f9b9328ebc" kind="function"><name>exists</name></member>
  </compound>
  <compound refid="md_C_1_Users_David_Desktop_dsa_cw-master_README" kind="page"><name>md_C:_Users_David_Desktop_dsa_cw-master_README</name>
  </compound>
  <compound refid="dir_f9ba929e9c9f2e8552110079975ba3f7" kind="dir"><name>C:/Users/David/Desktop/dsa_cw-master</name>
  </compound>
</doxygenindex>
