<?xml version='1.0' encoding='UTF-8' standalone='no'?>
<doxygen xmlns:xsi="http://www.w3.org/2001/XMLSchema-instance" xsi:noNamespaceSchemaLocation="compound.xsd" version="1.8.13">
  <compounddef id="info2_8php" kind="file" language="PHP">
    <compoundname>info2.php</compoundname>
      <sectiondef kind="var">
      <memberdef kind="variable" id="info2_8php_1ab2fc40d43824ea3e1ce5d86dee0d763b" prot="public" static="no" mutable="no">
        <type></type>
        <definition>$name</definition>
        <argsstring></argsstring>
        <name>$name</name>
        <initializer>= $_GET[&quot;name&quot;]</initializer>
        <briefdescription>
        </briefdescription>
        <detaileddescription>
        </detaileddescription>
        <inbodydescription>
        </inbodydescription>
        <location file="C:/Users/David/Desktop/dsa_cw-master/info2.php" line="14" column="1" bodyfile="C:/Users/David/Desktop/dsa_cw-master/info2.php" bodystart="14" bodyend="-1"/>
      </memberdef>
      <memberdef kind="variable" id="info2_8php_1a49a8a4009b02e49717caa88b128affc5" prot="public" static="no" mutable="no">
        <type></type>
        <definition>$res</definition>
        <argsstring></argsstring>
        <name>$res</name>
        <initializer>=call_sql(&quot;select a.location_id, woeid, coordinates, c.*, group_concat(d.grape separator &apos;, &apos;) as grapes from location a inner join vinyard b on (a.location_id=b.location_id) left join wine c on (b.vinyard=c.vinyard) left join grapes d on (c.wine_id=d.wine_id)where a.name =  &apos;$name&apos;&quot;)</initializer>
        <briefdescription>
        </briefdescription>
        <detaileddescription>
        </detaileddescription>
        <inbodydescription>
        </inbodydescription>
        <location file="C:/Users/David/Desktop/dsa_cw-master/info2.php" line="15" column="1" bodyfile="C:/Users/David/Desktop/dsa_cw-master/info2.php" bodystart="15" bodyend="-1"/>
      </memberdef>
      <memberdef kind="variable" id="info2_8php_1a255497d3880579f7d96acc68d35bbb91" prot="public" static="no" mutable="no">
        <type>if($res[0][&apos;name&apos;]==NULL &amp;&amp;isset($name)) elseif($res==&quot;&quot;)</type>
        <definition>if ( $res[0][ &apos;name&apos;]==NULL &amp;&amp;isset( $name)) elseif ( $res==&quot;&quot;) else</definition>
        <argsstring></argsstring>
        <name>else</name>
        <initializer>{
		echo &apos;&lt;table style=&quot;width:80%;border: 1px solid black;background-color:white;margin:auto;&quot;&gt;&apos;</initializer>
        <briefdescription>
        </briefdescription>
        <detaileddescription>
        </detaileddescription>
        <inbodydescription>
        </inbodydescription>
        <location file="C:/Users/David/Desktop/dsa_cw-master/info2.php" line="29" column="1" bodyfile="C:/Users/David/Desktop/dsa_cw-master/info2.php" bodystart="29" bodyend="-1"/>
      </memberdef>
      <memberdef kind="variable" id="info2_8php_1ac18805fec6bcb84fc681aac8ce84cdbb" prot="public" static="no" mutable="no">
        <type></type>
        <definition>for($i=0;$i&lt; count($res[0]);$i++)</definition>
        <argsstring>( $i=0; $i&lt; count( $res[0]); $i++)</argsstring>
        <name>for</name>
        <briefdescription>
        </briefdescription>
        <detaileddescription>
        </detaileddescription>
        <inbodydescription>
        </inbodydescription>
        <location file="C:/Users/David/Desktop/dsa_cw-master/info2.php" line="31" column="1" bodyfile="C:/Users/David/Desktop/dsa_cw-master/info2.php" bodystart="31" bodyend="-1"/>
      </memberdef>
      <memberdef kind="variable" id="info2_8php_1a3e6f0791c64fd31de50047c26a386d09" prot="public" static="no" mutable="no">
        <type></type>
        <definition>$co</definition>
        <argsstring></argsstring>
        <name>$co</name>
        <initializer>=str_replace(&quot; &quot;,&quot;&quot;,$res[0][&apos;coordinates&apos;])</initializer>
        <briefdescription>
        </briefdescription>
        <detaileddescription>
        </detaileddescription>
        <inbodydescription>
        </inbodydescription>
        <location file="C:/Users/David/Desktop/dsa_cw-master/info2.php" line="41" column="1" bodyfile="C:/Users/David/Desktop/dsa_cw-master/info2.php" bodystart="41" bodyend="-1"/>
      </memberdef>
      <memberdef kind="variable" id="info2_8php_1adacabc2e35728f14ace9b9f2a7ca4201" prot="public" static="no" mutable="no">
        <type></type>
        <definition>$weather_data</definition>
        <argsstring></argsstring>
        <name>$weather_data</name>
        <initializer>= json_decode(file_get_contents(&quot;http://api.wunderground.com/api/d3dcc2a04d05c0ca/geolookup/q/$co.json&quot;),true)</initializer>
        <briefdescription>
        </briefdescription>
        <detaileddescription>
        </detaileddescription>
        <inbodydescription>
        </inbodydescription>
        <location file="C:/Users/David/Desktop/dsa_cw-master/info2.php" line="42" column="1" bodyfile="C:/Users/David/Desktop/dsa_cw-master/info2.php" bodystart="42" bodyend="-1"/>
      </memberdef>
      <memberdef kind="variable" id="info2_8php_1a5b9ddd3e3a69d8901270064346bdef49" prot="public" static="no" mutable="no">
        <type></type>
        <definition>$city</definition>
        <argsstring></argsstring>
        <name>$city</name>
        <initializer>= str_replace(&quot; &quot;,&quot;_&quot;,$weather_data[&apos;location&apos;][&apos;city&apos;])</initializer>
        <briefdescription>
        </briefdescription>
        <detaileddescription>
        </detaileddescription>
        <inbodydescription>
        </inbodydescription>
        <location file="C:/Users/David/Desktop/dsa_cw-master/info2.php" line="44" column="1" bodyfile="C:/Users/David/Desktop/dsa_cw-master/info2.php" bodystart="44" bodyend="-1"/>
      </memberdef>
      <memberdef kind="variable" id="info2_8php_1a1437a5f6eb157f0eb267a26e0ad4f1ba" prot="public" static="no" mutable="no">
        <type></type>
        <definition>$country</definition>
        <argsstring></argsstring>
        <name>$country</name>
        <initializer>= $weather_data[&apos;location&apos;][&apos;country&apos;]</initializer>
        <briefdescription>
        </briefdescription>
        <detaileddescription>
        </detaileddescription>
        <inbodydescription>
        </inbodydescription>
        <location file="C:/Users/David/Desktop/dsa_cw-master/info2.php" line="45" column="1" bodyfile="C:/Users/David/Desktop/dsa_cw-master/info2.php" bodystart="45" bodyend="-1"/>
      </memberdef>
      <memberdef kind="variable" id="info2_8php_1a9b549a448256b274c74786bbb07d03bc" prot="public" static="no" mutable="no">
        <type></type>
        <definition>$city_weather</definition>
        <argsstring></argsstring>
        <name>$city_weather</name>
        <initializer>= json_decode(file_get_contents(&quot;http://api.wunderground.com/api/d3dcc2a04d05c0ca/conditions/q/$country/$city.json&quot;),true)</initializer>
        <briefdescription>
        </briefdescription>
        <detaileddescription>
        </detaileddescription>
        <inbodydescription>
        </inbodydescription>
        <location file="C:/Users/David/Desktop/dsa_cw-master/info2.php" line="46" column="1" bodyfile="C:/Users/David/Desktop/dsa_cw-master/info2.php" bodystart="46" bodyend="-1"/>
      </memberdef>
      <memberdef kind="variable" id="info2_8php_1a62c2723be166ae49619ccb145da7fb44" prot="public" static="no" mutable="no">
        <type></type>
        <definition>$city_forecast</definition>
        <argsstring></argsstring>
        <name>$city_forecast</name>
        <initializer>= json_decode(file_get_contents(&quot;http://api.wunderground.com/api/d3dcc2a04d05c0ca/forecast/q/$country/$city.json&quot;),true)</initializer>
        <briefdescription>
        </briefdescription>
        <detaileddescription>
        </detaileddescription>
        <inbodydescription>
        </inbodydescription>
        <location file="C:/Users/David/Desktop/dsa_cw-master/info2.php" line="47" column="1" bodyfile="C:/Users/David/Desktop/dsa_cw-master/info2.php" bodystart="47" bodyend="-1"/>
      </memberdef>
      </sectiondef>
    <briefdescription>
    </briefdescription>
    <detaileddescription>
    </detaileddescription>
    <programlisting>
<codeline lineno="1"><highlight class="normal">&lt;!DOCTYPE<sp/>html&gt;</highlight></codeline>
<codeline lineno="2"><highlight class="normal">&lt;html&gt;</highlight></codeline>
<codeline lineno="3"><highlight class="normal">&lt;head&gt;</highlight></codeline>
<codeline lineno="4"><highlight class="normal">&lt;link<sp/>rel=</highlight><highlight class="stringliteral">&quot;stylesheet&quot;</highlight><highlight class="normal"><sp/>type=</highlight><highlight class="stringliteral">&quot;text/css&quot;</highlight><highlight class="normal"><sp/>href=</highlight><highlight class="stringliteral">&quot;style.css&quot;</highlight><highlight class="normal"><sp/>/&gt;</highlight></codeline>
<codeline lineno="5"><highlight class="normal"><sp/><sp/>&lt;/head&gt;</highlight></codeline>
<codeline lineno="6"><highlight class="normal">&lt;body&gt;</highlight></codeline>
<codeline lineno="7"><highlight class="normal">&lt;header&gt;</highlight></codeline>
<codeline lineno="8"><highlight class="normal">&lt;H1&gt;DSA<sp/>Assignment&lt;/H1&gt;</highlight></codeline>
<codeline lineno="9"><highlight class="normal">&lt;/header&gt;</highlight></codeline>
<codeline lineno="10"><highlight class="normal"></highlight></codeline>
<codeline lineno="11"><highlight class="normal">&lt;?php</highlight></codeline>
<codeline lineno="12"><highlight class="normal"><sp/><sp/><sp/><sp/>include(</highlight><highlight class="stringliteral">&apos;sql.php&apos;</highlight><highlight class="normal">);</highlight></codeline>
<codeline lineno="13"><highlight class="normal"><sp/><sp/><sp/><sp/><sp/><sp/><sp/><sp/><sp/><sp/><sp/><sp/>echo<sp/></highlight><highlight class="stringliteral">&quot;&lt;br&gt;&quot;</highlight><highlight class="normal">;</highlight></codeline>
<codeline lineno="14" refid="info2_8php_1ab2fc40d43824ea3e1ce5d86dee0d763b" refkind="member"><highlight class="normal"><sp/><sp/><sp/><sp/><ref refid="info2_8php_1ab2fc40d43824ea3e1ce5d86dee0d763b" kindref="member">$name</ref><sp/>=<sp/>$_GET[</highlight><highlight class="stringliteral">&quot;name&quot;</highlight><highlight class="normal">];</highlight></codeline>
<codeline lineno="15" refid="info2_8php_1a49a8a4009b02e49717caa88b128affc5" refkind="member"><highlight class="normal"><sp/><sp/><sp/><sp/><ref refid="info2_8php_1a49a8a4009b02e49717caa88b128affc5" kindref="member">$res</ref>=call_sql(</highlight><highlight class="stringliteral">&quot;select<sp/>a.location_id,<sp/>woeid,<sp/>coordinates,<sp/>c.*,<sp/>group_concat(d.grape<sp/>separator<sp/>&apos;,<sp/>&apos;)<sp/>as<sp/>grapes<sp/>from<sp/>location<sp/>a<sp/>inner<sp/>join<sp/>vinyard<sp/>b<sp/>on<sp/>(a.location_id=b.location_id)<sp/>left<sp/>join<sp/>wine<sp/>c<sp/>on<sp/>(b.vinyard=c.vinyard)<sp/>left<sp/>join<sp/>grapes<sp/>d<sp/>on<sp/>(c.wine_id=d.wine_id)where<sp/>a.name<sp/>=<sp/><sp/>&apos;$name&apos;&quot;</highlight><highlight class="normal">);</highlight></codeline>
<codeline lineno="16"><highlight class="normal"><sp/><sp/><sp/><sp/></highlight><highlight class="keywordflow">if</highlight><highlight class="normal">(<ref refid="info2_8php_1a49a8a4009b02e49717caa88b128affc5" kindref="member">$res</ref>[0][</highlight><highlight class="stringliteral">&apos;name&apos;</highlight><highlight class="normal">]==NULL<sp/>&amp;&amp;<sp/>isset(<ref refid="info2_8php_1ab2fc40d43824ea3e1ce5d86dee0d763b" kindref="member">$name</ref>)){</highlight></codeline>
<codeline lineno="17"><highlight class="normal"><sp/><sp/><sp/><sp/><sp/><sp/><sp/><sp/><ref refid="info2_8php_1a49a8a4009b02e49717caa88b128affc5" kindref="member">$res</ref>=call_sql(</highlight><highlight class="stringliteral">&quot;select<sp/>a.location_id,<sp/>woeid,<sp/>coordinates,<sp/>b.*,<sp/>group_concat(c.language<sp/>separator<sp/>&apos;,<sp/>&apos;)<sp/>as<sp/>languages<sp/>from<sp/>location<sp/>a<sp/>inner<sp/>join<sp/>region<sp/>b<sp/>on<sp/>(a.location_id=b.location_id)<sp/>left<sp/>join<sp/>languages<sp/>c<sp/>on<sp/>(b.region_id=c.region_id)<sp/>where<sp/>a.name<sp/>=<sp/><sp/>&apos;$name&apos;&quot;</highlight><highlight class="normal">);</highlight></codeline>
<codeline lineno="18"><highlight class="normal"><sp/><sp/><sp/><sp/><sp/><sp/><sp/><sp/>echo<sp/></highlight><highlight class="stringliteral">&apos;&lt;table<sp/>style=&quot;width:80%;border:<sp/>1px<sp/>solid<sp/>black;background-color:white;margin:auto;&quot;&gt;&apos;</highlight><highlight class="normal">;</highlight></codeline>
<codeline lineno="19"><highlight class="normal"><sp/><sp/><sp/><sp/><sp/><sp/><sp/><sp/></highlight><highlight class="keywordflow">for</highlight><highlight class="normal">($i=0;$i&lt;count(<ref refid="info2_8php_1a49a8a4009b02e49717caa88b128affc5" kindref="member">$res</ref>[0]);$i++){</highlight></codeline>
<codeline lineno="20"><highlight class="normal"><sp/><sp/><sp/><sp/><sp/><sp/><sp/><sp/><sp/><sp/><sp/><sp/>echo<sp/></highlight><highlight class="stringliteral">&quot;&lt;tr&gt;&quot;</highlight><highlight class="normal">;</highlight></codeline>
<codeline lineno="21"><highlight class="normal"><sp/><sp/><sp/><sp/><sp/><sp/><sp/><sp/><sp/><sp/><sp/><sp/>$keys<sp/>=<sp/>array_keys(<ref refid="info2_8php_1a49a8a4009b02e49717caa88b128affc5" kindref="member">$res</ref>[0]);</highlight></codeline>
<codeline lineno="22"><highlight class="normal"><sp/><sp/><sp/><sp/><sp/><sp/><sp/><sp/><sp/><sp/><sp/><sp/>echo<sp/></highlight><highlight class="stringliteral">&quot;&lt;td&gt;&quot;</highlight><highlight class="normal">.$keys[$i].</highlight><highlight class="stringliteral">&quot;&lt;/td&gt;&quot;</highlight><highlight class="normal">;</highlight></codeline>
<codeline lineno="23"><highlight class="normal"><sp/><sp/><sp/><sp/><sp/><sp/><sp/><sp/><sp/><sp/><sp/><sp/>echo<sp/></highlight><highlight class="stringliteral">&quot;&lt;td&gt;&quot;</highlight><highlight class="normal">.$res[0][$keys[$i]].</highlight><highlight class="stringliteral">&quot;&lt;/td&gt;&quot;</highlight><highlight class="normal">;</highlight></codeline>
<codeline lineno="24"><highlight class="normal"><sp/><sp/><sp/><sp/><sp/><sp/><sp/><sp/><sp/><sp/><sp/><sp/>echo<sp/></highlight><highlight class="stringliteral">&quot;&lt;/tr&gt;&quot;</highlight><highlight class="normal">;</highlight></codeline>
<codeline lineno="25"><highlight class="normal"><sp/><sp/><sp/><sp/><sp/><sp/><sp/><sp/>}</highlight></codeline>
<codeline lineno="26"><highlight class="normal"><sp/><sp/><sp/><sp/><sp/><sp/><sp/><sp/>echo<sp/></highlight><highlight class="stringliteral">&apos;&lt;/table&gt;&apos;</highlight><highlight class="normal">;</highlight></codeline>
<codeline lineno="27"><highlight class="normal"><sp/><sp/><sp/><sp/>}<sp/>elseif(<ref refid="info2_8php_1a49a8a4009b02e49717caa88b128affc5" kindref="member">$res</ref>==</highlight><highlight class="stringliteral">&quot;&quot;</highlight><highlight class="normal">){</highlight></codeline>
<codeline lineno="28"><highlight class="normal"><sp/><sp/><sp/><sp/><sp/><sp/><sp/><sp/>echo<sp/></highlight><highlight class="stringliteral">&quot;no<sp/>results,<sp/>contact<sp/>administrator&quot;</highlight><highlight class="normal">;</highlight></codeline>
<codeline lineno="29" refid="info2_8php_1a255497d3880579f7d96acc68d35bbb91" refkind="member"><highlight class="normal"><sp/><sp/><sp/><sp/>}<sp/></highlight><highlight class="keywordflow">else</highlight><highlight class="normal"><sp/>{</highlight></codeline>
<codeline lineno="30"><highlight class="normal"><sp/><sp/><sp/><sp/><sp/><sp/><sp/><sp/>echo<sp/></highlight><highlight class="stringliteral">&apos;&lt;table<sp/>style=&quot;width:80%;border:<sp/>1px<sp/>solid<sp/>black;background-color:white;margin:auto;&quot;&gt;&apos;</highlight><highlight class="normal">;</highlight></codeline>
<codeline lineno="31" refid="info2_8php_1ac18805fec6bcb84fc681aac8ce84cdbb" refkind="member"><highlight class="normal"><sp/><sp/><sp/><sp/><sp/><sp/><sp/><sp/></highlight><highlight class="keywordflow">for</highlight><highlight class="normal">($i=0;$i&lt;count(<ref refid="info2_8php_1a49a8a4009b02e49717caa88b128affc5" kindref="member">$res</ref>[0]);$i++){</highlight></codeline>
<codeline lineno="32"><highlight class="normal"><sp/><sp/><sp/><sp/><sp/><sp/><sp/><sp/><sp/><sp/><sp/><sp/>echo<sp/></highlight><highlight class="stringliteral">&quot;&lt;tr&gt;&quot;</highlight><highlight class="normal">;</highlight></codeline>
<codeline lineno="33"><highlight class="normal"><sp/><sp/><sp/><sp/><sp/><sp/><sp/><sp/><sp/><sp/><sp/><sp/>$keys<sp/>=<sp/>array_keys(<ref refid="info2_8php_1a49a8a4009b02e49717caa88b128affc5" kindref="member">$res</ref>[0]);</highlight></codeline>
<codeline lineno="34"><highlight class="normal"><sp/><sp/><sp/><sp/><sp/><sp/><sp/><sp/><sp/><sp/><sp/><sp/>echo<sp/></highlight><highlight class="stringliteral">&quot;&lt;td&gt;&quot;</highlight><highlight class="normal">.$keys[$i].</highlight><highlight class="stringliteral">&quot;&lt;/td&gt;&quot;</highlight><highlight class="normal">;</highlight></codeline>
<codeline lineno="35"><highlight class="normal"><sp/><sp/><sp/><sp/><sp/><sp/><sp/><sp/><sp/><sp/><sp/><sp/>echo<sp/></highlight><highlight class="stringliteral">&quot;&lt;td&gt;&quot;</highlight><highlight class="normal">.$res[0][$keys[$i]].</highlight><highlight class="stringliteral">&quot;&lt;/td&gt;&quot;</highlight><highlight class="normal">;</highlight></codeline>
<codeline lineno="36"><highlight class="normal"><sp/><sp/><sp/><sp/><sp/><sp/><sp/><sp/><sp/><sp/><sp/><sp/>echo<sp/></highlight><highlight class="stringliteral">&quot;&lt;/tr&gt;&quot;</highlight><highlight class="normal">;</highlight></codeline>
<codeline lineno="37"><highlight class="normal"><sp/><sp/><sp/><sp/><sp/><sp/><sp/><sp/>}</highlight></codeline>
<codeline lineno="38"><highlight class="normal"><sp/><sp/><sp/><sp/><sp/><sp/><sp/><sp/>echo<sp/></highlight><highlight class="stringliteral">&apos;&lt;/table&gt;&apos;</highlight><highlight class="normal">;</highlight></codeline>
<codeline lineno="39"><highlight class="normal"><sp/><sp/><sp/><sp/><sp/><sp/><sp/><sp/>echo<sp/></highlight><highlight class="stringliteral">&quot;&lt;br&gt;&quot;</highlight><highlight class="normal">;</highlight></codeline>
<codeline lineno="40"><highlight class="normal"><sp/><sp/><sp/><sp/>}</highlight></codeline>
<codeline lineno="41" refid="info2_8php_1a3e6f0791c64fd31de50047c26a386d09" refkind="member"><highlight class="normal"><sp/><sp/><sp/><sp/><ref refid="info2_8php_1a3e6f0791c64fd31de50047c26a386d09" kindref="member">$co</ref>=str_replace(</highlight><highlight class="stringliteral">&quot;<sp/>&quot;</highlight><highlight class="normal">,</highlight><highlight class="stringliteral">&quot;&quot;</highlight><highlight class="normal">,<ref refid="info2_8php_1a49a8a4009b02e49717caa88b128affc5" kindref="member">$res</ref>[0][</highlight><highlight class="stringliteral">&apos;coordinates&apos;</highlight><highlight class="normal">]);</highlight></codeline>
<codeline lineno="42" refid="info2_8php_1adacabc2e35728f14ace9b9f2a7ca4201" refkind="member"><highlight class="normal"><sp/><sp/><sp/><sp/><ref refid="info2_8php_1adacabc2e35728f14ace9b9f2a7ca4201" kindref="member">$weather_data</ref><sp/>=<sp/>json_decode(file_get_contents(</highlight><highlight class="stringliteral">&quot;http://api.wunderground.com/api/d3dcc2a04d05c0ca/geolookup/q/$co.json&quot;</highlight><highlight class="normal">),</highlight><highlight class="keyword">true</highlight><highlight class="normal">);</highlight></codeline>
<codeline lineno="43"><highlight class="normal"><sp/><sp/><sp/><sp/></highlight><highlight class="comment">//add<sp/>code<sp/>to<sp/>lookup<sp/>weather<sp/>from<sp/>weatherstation</highlight><highlight class="normal"></highlight></codeline>
<codeline lineno="44" refid="info2_8php_1a5b9ddd3e3a69d8901270064346bdef49" refkind="member"><highlight class="normal"><sp/><sp/><sp/><sp/><ref refid="info2_8php_1a5b9ddd3e3a69d8901270064346bdef49" kindref="member">$city</ref><sp/>=<sp/>str_replace(</highlight><highlight class="stringliteral">&quot;<sp/>&quot;</highlight><highlight class="normal">,</highlight><highlight class="stringliteral">&quot;_&quot;</highlight><highlight class="normal">,<ref refid="info2_8php_1adacabc2e35728f14ace9b9f2a7ca4201" kindref="member">$weather_data</ref>[</highlight><highlight class="stringliteral">&apos;location&apos;</highlight><highlight class="normal">][</highlight><highlight class="stringliteral">&apos;city&apos;</highlight><highlight class="normal">]);</highlight></codeline>
<codeline lineno="45" refid="info2_8php_1a1437a5f6eb157f0eb267a26e0ad4f1ba" refkind="member"><highlight class="normal"><sp/><sp/><sp/><sp/><ref refid="info2_8php_1a1437a5f6eb157f0eb267a26e0ad4f1ba" kindref="member">$country</ref><sp/>=<sp/><ref refid="info2_8php_1adacabc2e35728f14ace9b9f2a7ca4201" kindref="member">$weather_data</ref>[</highlight><highlight class="stringliteral">&apos;location&apos;</highlight><highlight class="normal">][</highlight><highlight class="stringliteral">&apos;country&apos;</highlight><highlight class="normal">];</highlight></codeline>
<codeline lineno="46" refid="info2_8php_1a9b549a448256b274c74786bbb07d03bc" refkind="member"><highlight class="normal"><sp/><sp/><sp/><sp/><ref refid="info2_8php_1a9b549a448256b274c74786bbb07d03bc" kindref="member">$city_weather</ref><sp/>=<sp/>json_decode(file_get_contents(</highlight><highlight class="stringliteral">&quot;http://api.wunderground.com/api/d3dcc2a04d05c0ca/conditions/q/$country/$city.json&quot;</highlight><highlight class="normal">),</highlight><highlight class="keyword">true</highlight><highlight class="normal">);</highlight></codeline>
<codeline lineno="47" refid="info2_8php_1a62c2723be166ae49619ccb145da7fb44" refkind="member"><highlight class="normal"><sp/><sp/><sp/><sp/><ref refid="info2_8php_1a62c2723be166ae49619ccb145da7fb44" kindref="member">$city_forecast</ref><sp/>=<sp/>json_decode(file_get_contents(</highlight><highlight class="stringliteral">&quot;http://api.wunderground.com/api/d3dcc2a04d05c0ca/forecast/q/$country/$city.json&quot;</highlight><highlight class="normal">),</highlight><highlight class="keyword">true</highlight><highlight class="normal">);</highlight></codeline>
<codeline lineno="48"><highlight class="normal"><sp/><sp/><sp/><sp/></highlight></codeline>
<codeline lineno="49"><highlight class="normal"><sp/><sp/><sp/><sp/>echo<sp/></highlight><highlight class="stringliteral">&quot;&lt;br&gt;&quot;</highlight><highlight class="normal">;</highlight></codeline>
<codeline lineno="50"><highlight class="normal"><sp/><sp/><sp/><sp/>echo<sp/></highlight><highlight class="stringliteral">&quot;&lt;H2&gt;<sp/>Local<sp/>Weather<sp/>forecast&lt;/H2&gt;&quot;</highlight><highlight class="normal">;</highlight></codeline>
<codeline lineno="51"><highlight class="normal"><sp/><sp/><sp/><sp/>echo<sp/></highlight><highlight class="stringliteral">&quot;&lt;div<sp/>class=&apos;weather&apos;&gt;&quot;</highlight><highlight class="normal">;</highlight></codeline>
<codeline lineno="52"><highlight class="normal"><sp/><sp/><sp/><sp/>echo<sp/><sp/><ref refid="info2_8php_1a62c2723be166ae49619ccb145da7fb44" kindref="member">$city_forecast</ref>[</highlight><highlight class="stringliteral">&apos;forecast&apos;</highlight><highlight class="normal">][</highlight><highlight class="stringliteral">&apos;txt_forecast&apos;</highlight><highlight class="normal">][</highlight><highlight class="stringliteral">&apos;forecastday&apos;</highlight><highlight class="normal">][</highlight><highlight class="charliteral">&apos;1&apos;</highlight><highlight class="normal">][</highlight><highlight class="stringliteral">&apos;title&apos;</highlight><highlight class="normal">].</highlight><highlight class="stringliteral">&quot;:<sp/>&quot;</highlight><highlight class="normal">;</highlight></codeline>
<codeline lineno="53"><highlight class="normal"><sp/><sp/><sp/><sp/>echo<sp/><ref refid="info2_8php_1a62c2723be166ae49619ccb145da7fb44" kindref="member">$city_forecast</ref>[</highlight><highlight class="stringliteral">&apos;forecast&apos;</highlight><highlight class="normal">][</highlight><highlight class="stringliteral">&apos;txt_forecast&apos;</highlight><highlight class="normal">][</highlight><highlight class="stringliteral">&apos;forecastday&apos;</highlight><highlight class="normal">][</highlight><highlight class="charliteral">&apos;1&apos;</highlight><highlight class="normal">][</highlight><highlight class="stringliteral">&apos;fcttext_metric&apos;</highlight><highlight class="normal">].</highlight><highlight class="stringliteral">&quot;&lt;br&gt;&lt;br&gt;&quot;</highlight><highlight class="normal">;</highlight></codeline>
<codeline lineno="54"><highlight class="normal"><sp/><sp/><sp/><sp/>echo<sp/><sp/><ref refid="info2_8php_1a62c2723be166ae49619ccb145da7fb44" kindref="member">$city_forecast</ref>[</highlight><highlight class="stringliteral">&apos;forecast&apos;</highlight><highlight class="normal">][</highlight><highlight class="stringliteral">&apos;txt_forecast&apos;</highlight><highlight class="normal">][</highlight><highlight class="stringliteral">&apos;forecastday&apos;</highlight><highlight class="normal">][</highlight><highlight class="charliteral">&apos;2&apos;</highlight><highlight class="normal">][</highlight><highlight class="stringliteral">&apos;title&apos;</highlight><highlight class="normal">].</highlight><highlight class="stringliteral">&quot;<sp/>:&quot;</highlight><highlight class="normal">;</highlight></codeline>
<codeline lineno="55"><highlight class="normal"><sp/><sp/><sp/><sp/>echo<sp/><sp/><ref refid="info2_8php_1a62c2723be166ae49619ccb145da7fb44" kindref="member">$city_forecast</ref>[</highlight><highlight class="stringliteral">&apos;forecast&apos;</highlight><highlight class="normal">][</highlight><highlight class="stringliteral">&apos;txt_forecast&apos;</highlight><highlight class="normal">][</highlight><highlight class="stringliteral">&apos;forecastday&apos;</highlight><highlight class="normal">][</highlight><highlight class="charliteral">&apos;2&apos;</highlight><highlight class="normal">][</highlight><highlight class="stringliteral">&apos;fcttext_metric&apos;</highlight><highlight class="normal">].</highlight><highlight class="stringliteral">&quot;&lt;br&gt;&lt;br&gt;&quot;</highlight><highlight class="normal">;</highlight></codeline>
<codeline lineno="56"><highlight class="normal"><sp/><sp/><sp/><sp/>echo<sp/><sp/><ref refid="info2_8php_1a62c2723be166ae49619ccb145da7fb44" kindref="member">$city_forecast</ref>[</highlight><highlight class="stringliteral">&apos;forecast&apos;</highlight><highlight class="normal">][</highlight><highlight class="stringliteral">&apos;txt_forecast&apos;</highlight><highlight class="normal">][</highlight><highlight class="stringliteral">&apos;forecastday&apos;</highlight><highlight class="normal">][</highlight><highlight class="charliteral">&apos;3&apos;</highlight><highlight class="normal">][</highlight><highlight class="stringliteral">&apos;title&apos;</highlight><highlight class="normal">].</highlight><highlight class="stringliteral">&quot;:<sp/>&quot;</highlight><highlight class="normal">;</highlight></codeline>
<codeline lineno="57"><highlight class="normal"><sp/><sp/><sp/><sp/>echo<sp/><sp/><ref refid="info2_8php_1a62c2723be166ae49619ccb145da7fb44" kindref="member">$city_forecast</ref>[</highlight><highlight class="stringliteral">&apos;forecast&apos;</highlight><highlight class="normal">][</highlight><highlight class="stringliteral">&apos;txt_forecast&apos;</highlight><highlight class="normal">][</highlight><highlight class="stringliteral">&apos;forecastday&apos;</highlight><highlight class="normal">][</highlight><highlight class="charliteral">&apos;3&apos;</highlight><highlight class="normal">][</highlight><highlight class="stringliteral">&apos;fcttext_metric&apos;</highlight><highlight class="normal">].</highlight><highlight class="stringliteral">&quot;&lt;br&gt;&lt;br&gt;&quot;</highlight><highlight class="normal">;</highlight></codeline>
<codeline lineno="58"><highlight class="normal"><sp/><sp/><sp/><sp/>echo<sp/><sp/><ref refid="info2_8php_1a62c2723be166ae49619ccb145da7fb44" kindref="member">$city_forecast</ref>[</highlight><highlight class="stringliteral">&apos;forecast&apos;</highlight><highlight class="normal">][</highlight><highlight class="stringliteral">&apos;txt_forecast&apos;</highlight><highlight class="normal">][</highlight><highlight class="stringliteral">&apos;forecastday&apos;</highlight><highlight class="normal">][</highlight><highlight class="charliteral">&apos;4&apos;</highlight><highlight class="normal">][</highlight><highlight class="stringliteral">&apos;title&apos;</highlight><highlight class="normal">].</highlight><highlight class="stringliteral">&quot;:<sp/>&quot;</highlight><highlight class="normal">;</highlight></codeline>
<codeline lineno="59"><highlight class="normal"><sp/><sp/><sp/><sp/>echo<sp/><sp/><ref refid="info2_8php_1a62c2723be166ae49619ccb145da7fb44" kindref="member">$city_forecast</ref>[</highlight><highlight class="stringliteral">&apos;forecast&apos;</highlight><highlight class="normal">][</highlight><highlight class="stringliteral">&apos;txt_forecast&apos;</highlight><highlight class="normal">][</highlight><highlight class="stringliteral">&apos;forecastday&apos;</highlight><highlight class="normal">][</highlight><highlight class="charliteral">&apos;4&apos;</highlight><highlight class="normal">][</highlight><highlight class="stringliteral">&apos;fcttext_metric&apos;</highlight><highlight class="normal">].</highlight><highlight class="stringliteral">&quot;&lt;br&gt;&lt;br&gt;&quot;</highlight><highlight class="normal">;</highlight></codeline>
<codeline lineno="60"><highlight class="normal"><sp/><sp/><sp/><sp/>echo<sp/><sp/><ref refid="info2_8php_1a62c2723be166ae49619ccb145da7fb44" kindref="member">$city_forecast</ref>[</highlight><highlight class="stringliteral">&apos;forecast&apos;</highlight><highlight class="normal">][</highlight><highlight class="stringliteral">&apos;txt_forecast&apos;</highlight><highlight class="normal">][</highlight><highlight class="stringliteral">&apos;forecastday&apos;</highlight><highlight class="normal">][</highlight><highlight class="charliteral">&apos;5&apos;</highlight><highlight class="normal">][</highlight><highlight class="stringliteral">&apos;title&apos;</highlight><highlight class="normal">].</highlight><highlight class="stringliteral">&quot;:<sp/>&quot;</highlight><highlight class="normal">;</highlight></codeline>
<codeline lineno="61"><highlight class="normal"><sp/><sp/><sp/><sp/>echo<sp/><sp/><ref refid="info2_8php_1a62c2723be166ae49619ccb145da7fb44" kindref="member">$city_forecast</ref>[</highlight><highlight class="stringliteral">&apos;forecast&apos;</highlight><highlight class="normal">][</highlight><highlight class="stringliteral">&apos;txt_forecast&apos;</highlight><highlight class="normal">][</highlight><highlight class="stringliteral">&apos;forecastday&apos;</highlight><highlight class="normal">][</highlight><highlight class="charliteral">&apos;5&apos;</highlight><highlight class="normal">][</highlight><highlight class="stringliteral">&apos;fcttext_metric&apos;</highlight><highlight class="normal">].</highlight><highlight class="stringliteral">&quot;&lt;br&gt;&lt;br&gt;&quot;</highlight><highlight class="normal">;</highlight></codeline>
<codeline lineno="62"><highlight class="normal"><sp/><sp/><sp/><sp/>echo<sp/><sp/><ref refid="info2_8php_1a62c2723be166ae49619ccb145da7fb44" kindref="member">$city_forecast</ref>[</highlight><highlight class="stringliteral">&apos;forecast&apos;</highlight><highlight class="normal">][</highlight><highlight class="stringliteral">&apos;txt_forecast&apos;</highlight><highlight class="normal">][</highlight><highlight class="stringliteral">&apos;forecastday&apos;</highlight><highlight class="normal">][</highlight><highlight class="charliteral">&apos;6&apos;</highlight><highlight class="normal">][</highlight><highlight class="stringliteral">&apos;title&apos;</highlight><highlight class="normal">].</highlight><highlight class="stringliteral">&quot;:<sp/>&quot;</highlight><highlight class="normal">;</highlight></codeline>
<codeline lineno="63"><highlight class="normal"><sp/><sp/><sp/><sp/>echo<sp/><sp/><ref refid="info2_8php_1a62c2723be166ae49619ccb145da7fb44" kindref="member">$city_forecast</ref>[</highlight><highlight class="stringliteral">&apos;forecast&apos;</highlight><highlight class="normal">][</highlight><highlight class="stringliteral">&apos;txt_forecast&apos;</highlight><highlight class="normal">][</highlight><highlight class="stringliteral">&apos;forecastday&apos;</highlight><highlight class="normal">][</highlight><highlight class="charliteral">&apos;6&apos;</highlight><highlight class="normal">][</highlight><highlight class="stringliteral">&apos;fcttext_metric&apos;</highlight><highlight class="normal">].</highlight><highlight class="stringliteral">&quot;&lt;br&gt;&lt;br&gt;&quot;</highlight><highlight class="normal">;</highlight></codeline>
<codeline lineno="64"><highlight class="normal"><sp/><sp/><sp/><sp/>echo<sp/><sp/><ref refid="info2_8php_1a62c2723be166ae49619ccb145da7fb44" kindref="member">$city_forecast</ref>[</highlight><highlight class="stringliteral">&apos;forecast&apos;</highlight><highlight class="normal">][</highlight><highlight class="stringliteral">&apos;txt_forecast&apos;</highlight><highlight class="normal">][</highlight><highlight class="stringliteral">&apos;forecastday&apos;</highlight><highlight class="normal">][</highlight><highlight class="charliteral">&apos;7&apos;</highlight><highlight class="normal">][</highlight><highlight class="stringliteral">&apos;title&apos;</highlight><highlight class="normal">].</highlight><highlight class="stringliteral">&quot;:<sp/>&quot;</highlight><highlight class="normal">;</highlight></codeline>
<codeline lineno="65"><highlight class="normal"><sp/><sp/><sp/><sp/>echo<sp/><sp/><ref refid="info2_8php_1a62c2723be166ae49619ccb145da7fb44" kindref="member">$city_forecast</ref>[</highlight><highlight class="stringliteral">&apos;forecast&apos;</highlight><highlight class="normal">][</highlight><highlight class="stringliteral">&apos;txt_forecast&apos;</highlight><highlight class="normal">][</highlight><highlight class="stringliteral">&apos;forecastday&apos;</highlight><highlight class="normal">][</highlight><highlight class="charliteral">&apos;7&apos;</highlight><highlight class="normal">][</highlight><highlight class="stringliteral">&apos;fcttext_metric&apos;</highlight><highlight class="normal">].</highlight><highlight class="stringliteral">&quot;&lt;br&gt;&lt;br&gt;&quot;</highlight><highlight class="normal">;</highlight></codeline>
<codeline lineno="66"><highlight class="normal"><sp/><sp/><sp/><sp/>echo<sp/></highlight><highlight class="stringliteral">&quot;&lt;/div&gt;&quot;</highlight><highlight class="normal">;</highlight></codeline>
<codeline lineno="67"><highlight class="normal">?&gt;</highlight></codeline>
<codeline lineno="68"><highlight class="normal">&lt;script&gt;</highlight></codeline>
<codeline lineno="69"><highlight class="normal">var<sp/>weather<sp/>=<sp/>&lt;?php<sp/>echo<sp/>json_encode(<ref refid="info2_8php_1adacabc2e35728f14ace9b9f2a7ca4201" kindref="member">$weather_data</ref>);<sp/>?&gt;;</highlight></codeline>
<codeline lineno="70"><highlight class="normal">var<sp/>city_weather<sp/>=<sp/>&lt;?php<sp/>echo<sp/>json_encode(<ref refid="info2_8php_1a9b549a448256b274c74786bbb07d03bc" kindref="member">$city_weather</ref>);<sp/>?&gt;;</highlight></codeline>
<codeline lineno="71"><highlight class="normal">var<sp/>city_forecast<sp/>=<sp/>&lt;?php<sp/>echo<sp/>json_encode(<ref refid="info2_8php_1a62c2723be166ae49619ccb145da7fb44" kindref="member">$city_forecast</ref>);<sp/>?&gt;;</highlight></codeline>
<codeline lineno="72"><highlight class="normal">var<sp/>sql_res<sp/>=<sp/>&lt;?php<sp/>echo<sp/>json_encode(<ref refid="info2_8php_1a49a8a4009b02e49717caa88b128affc5" kindref="member">$res</ref>);<sp/>?&gt;;</highlight></codeline>
<codeline lineno="73"><highlight class="normal">var<sp/>keys<sp/>=<sp/>&lt;?php<sp/>echo<sp/>json_encode($keys);<sp/>?&gt;;</highlight></codeline>
<codeline lineno="74"><highlight class="normal">&lt;/script&gt;</highlight></codeline>
<codeline lineno="75"><highlight class="normal">&lt;/body&gt;</highlight></codeline>
<codeline lineno="76"><highlight class="normal">&lt;/html&gt;</highlight></codeline>
    </programlisting>
    <location file="C:/Users/David/Desktop/dsa_cw-master/info2.php"/>
  </compounddef>
</doxygen>
