<?xml version='1.0' encoding='UTF-8' standalone='no'?>
<doxygen xmlns:xsi="http://www.w3.org/2001/XMLSchema-instance" xsi:noNamespaceSchemaLocation="compound.xsd" version="1.8.13">
  <compounddef id="info_8php" kind="file" language="PHP">
    <compoundname>info.php</compoundname>
      <sectiondef kind="var">
      <memberdef kind="variable" id="info_8php_1ab2fc40d43824ea3e1ce5d86dee0d763b" prot="public" static="no" mutable="no">
        <type></type>
        <definition>$name</definition>
        <argsstring></argsstring>
        <name>$name</name>
        <initializer>= $_GET[&apos;name&apos;]</initializer>
        <briefdescription>
        </briefdescription>
        <detaileddescription>
<para>/info.h This is the info page. This displays if the user clicks any of the markers. It displays information location information age. Vineyard name wine, etc... a nd weather forecast data if available. </para>        </detaileddescription>
        <inbodydescription>
        </inbodydescription>
        <location file="C:/Users/David/Desktop/dsa_cw-master/info.php" line="23" column="1" bodyfile="C:/Users/David/Desktop/dsa_cw-master/info.php" bodystart="23" bodyend="-1"/>
      </memberdef>
      <memberdef kind="variable" id="info_8php_1a49a8a4009b02e49717caa88b128affc5" prot="public" static="no" mutable="no">
        <type></type>
        <definition>$res</definition>
        <argsstring></argsstring>
        <name>$res</name>
        <initializer>=call_sql(&quot;select a.location_id, woeid, coordinates, c.*, group_concat(d.grape separator &apos;, &apos;) as grapes from location a inner join vinyard b on (a.location_id=b.location_id) left join wine c on (b.vinyard=c.vinyard) left join grapes d on (c.wine_id=d.wine_id)where a.name =  &apos;$name&apos;&quot;)</initializer>
        <briefdescription>
        </briefdescription>
        <detaileddescription>
        </detaileddescription>
        <inbodydescription>
        </inbodydescription>
        <location file="C:/Users/David/Desktop/dsa_cw-master/info.php" line="24" column="1" bodyfile="C:/Users/David/Desktop/dsa_cw-master/info.php" bodystart="24" bodyend="-1"/>
      </memberdef>
      <memberdef kind="variable" id="info_8php_1a17351227938c682d6325129fa8ebbcfe" prot="public" static="no" mutable="no">
        <type>if($res[0][&apos;name&apos;]==NULL &amp;&amp;isset($name)) elseif($res==&quot;&quot;)</type>
        <definition>if (isset( $city_forecast[ &apos;forecast&apos;])) else</definition>
        <argsstring></argsstring>
        <name>else</name>
        <initializer>{
		echo &apos;&lt;table style=&quot;width:80%;border: 1px solid white;background-color:black;margin:auto;&quot;&gt;&apos;</initializer>
        <briefdescription>
        </briefdescription>
        <detaileddescription>
        </detaileddescription>
        <inbodydescription>
        </inbodydescription>
        <location file="C:/Users/David/Desktop/dsa_cw-master/info.php" line="38" column="1" bodyfile="C:/Users/David/Desktop/dsa_cw-master/info.php" bodystart="38" bodyend="-1"/>
      </memberdef>
      <memberdef kind="variable" id="info_8php_1ac18805fec6bcb84fc681aac8ce84cdbb" prot="public" static="no" mutable="no">
        <type></type>
        <definition>for($i=0;$i&lt; count($res[0]);$i++)</definition>
        <argsstring>( $i=0; $i&lt; count( $res[0]); $i++)</argsstring>
        <name>for</name>
        <briefdescription>
        </briefdescription>
        <detaileddescription>
        </detaileddescription>
        <inbodydescription>
        </inbodydescription>
        <location file="C:/Users/David/Desktop/dsa_cw-master/info.php" line="40" column="1" bodyfile="C:/Users/David/Desktop/dsa_cw-master/info.php" bodystart="40" bodyend="-1"/>
      </memberdef>
      <memberdef kind="variable" id="info_8php_1a3e6f0791c64fd31de50047c26a386d09" prot="public" static="no" mutable="no">
        <type></type>
        <definition>$co</definition>
        <argsstring></argsstring>
        <name>$co</name>
        <initializer>=str_replace(&quot; &quot;,&quot;&quot;,$res[0][&apos;coordinates&apos;])</initializer>
        <briefdescription>
        </briefdescription>
        <detaileddescription>
<para>/$weather_data Grab the weather Data(JSON) </para>        </detaileddescription>
        <inbodydescription>
        </inbodydescription>
        <location file="C:/Users/David/Desktop/dsa_cw-master/info.php" line="52" column="1" bodyfile="C:/Users/David/Desktop/dsa_cw-master/info.php" bodystart="52" bodyend="-1"/>
      </memberdef>
      <memberdef kind="variable" id="info_8php_1adacabc2e35728f14ace9b9f2a7ca4201" prot="public" static="no" mutable="no">
        <type></type>
        <definition>$weather_data</definition>
        <argsstring></argsstring>
        <name>$weather_data</name>
        <initializer>= json_decode(file_get_contents(&quot;http://api.wunderground.com/api/$weather_key/geolookup/q/$co.json&quot;),true)</initializer>
        <briefdescription>
        </briefdescription>
        <detaileddescription>
        </detaileddescription>
        <inbodydescription>
        </inbodydescription>
        <location file="C:/Users/David/Desktop/dsa_cw-master/info.php" line="53" column="1" bodyfile="C:/Users/David/Desktop/dsa_cw-master/info.php" bodystart="53" bodyend="-1"/>
      </memberdef>
      <memberdef kind="variable" id="info_8php_1a5b9ddd3e3a69d8901270064346bdef49" prot="public" static="no" mutable="no">
        <type></type>
        <definition>$city</definition>
        <argsstring></argsstring>
        <name>$city</name>
        <initializer>= str_replace(&quot; &quot;,&quot;_&quot;,$weather_data[&apos;location&apos;][&apos;city&apos;])</initializer>
        <briefdescription>
        </briefdescription>
        <detaileddescription>
<para>/$city add code to lookup weather from weatherstation </para>        </detaileddescription>
        <inbodydescription>
        </inbodydescription>
        <location file="C:/Users/David/Desktop/dsa_cw-master/info.php" line="55" column="1" bodyfile="C:/Users/David/Desktop/dsa_cw-master/info.php" bodystart="55" bodyend="-1"/>
      </memberdef>
      <memberdef kind="variable" id="info_8php_1a1437a5f6eb157f0eb267a26e0ad4f1ba" prot="public" static="no" mutable="no">
        <type></type>
        <definition>$country</definition>
        <argsstring></argsstring>
        <name>$country</name>
        <initializer>= $weather_data[&apos;location&apos;][&apos;country&apos;]</initializer>
        <briefdescription>
        </briefdescription>
        <detaileddescription>
        </detaileddescription>
        <inbodydescription>
        </inbodydescription>
        <location file="C:/Users/David/Desktop/dsa_cw-master/info.php" line="56" column="1" bodyfile="C:/Users/David/Desktop/dsa_cw-master/info.php" bodystart="56" bodyend="-1"/>
      </memberdef>
      <memberdef kind="variable" id="info_8php_1a9b549a448256b274c74786bbb07d03bc" prot="public" static="no" mutable="no">
        <type></type>
        <definition>$city_weather</definition>
        <argsstring></argsstring>
        <name>$city_weather</name>
        <initializer>= json_decode(file_get_contents(&quot;http://api.wunderground.com/api/$weather_key/conditions/q/$country/$city.json&quot;),true)</initializer>
        <briefdescription>
        </briefdescription>
        <detaileddescription>
        </detaileddescription>
        <inbodydescription>
        </inbodydescription>
        <location file="C:/Users/David/Desktop/dsa_cw-master/info.php" line="57" column="1" bodyfile="C:/Users/David/Desktop/dsa_cw-master/info.php" bodystart="57" bodyend="-1"/>
      </memberdef>
      <memberdef kind="variable" id="info_8php_1a62c2723be166ae49619ccb145da7fb44" prot="public" static="no" mutable="no">
        <type></type>
        <definition>$city_forecast</definition>
        <argsstring></argsstring>
        <name>$city_forecast</name>
        <initializer>= json_decode(file_get_contents(&quot;http://api.wunderground.com/api/$weather_key/forecast/q/$country/$city.json&quot;),true)</initializer>
        <briefdescription>
        </briefdescription>
        <detaileddescription>
        </detaileddescription>
        <inbodydescription>
        </inbodydescription>
        <location file="C:/Users/David/Desktop/dsa_cw-master/info.php" line="58" column="1" bodyfile="C:/Users/David/Desktop/dsa_cw-master/info.php" bodystart="58" bodyend="-1"/>
      </memberdef>
      <memberdef kind="variable" id="info_8php_1af9a41e98f91b7d979f38d4d1c5f5ec0f" prot="public" static="no" mutable="no">
        <type></type>
        <definition>$app_key</definition>
        <argsstring></argsstring>
        <name>$app_key</name>
        <initializer>= &apos;6e94c0d005796512dd09ffe6c8f5c552&apos;</initializer>
        <briefdescription>
        </briefdescription>
        <detaileddescription>
        </detaileddescription>
        <inbodydescription>
        </inbodydescription>
        <location file="C:/Users/David/Desktop/dsa_cw-master/info.php" line="89" column="1" bodyfile="C:/Users/David/Desktop/dsa_cw-master/info.php" bodystart="89" bodyend="-1"/>
      </memberdef>
      <memberdef kind="variable" id="info_8php_1ac84f6a5143b4b2cc09ee636972ecb4e2" prot="public" static="no" mutable="no">
        <type></type>
        <definition>$app_secret</definition>
        <argsstring></argsstring>
        <name>$app_secret</name>
        <initializer>= &apos;14ce22be7703306b&apos;</initializer>
        <briefdescription>
        </briefdescription>
        <detaileddescription>
        </detaileddescription>
        <inbodydescription>
        </inbodydescription>
        <location file="C:/Users/David/Desktop/dsa_cw-master/info.php" line="90" column="1" bodyfile="C:/Users/David/Desktop/dsa_cw-master/info.php" bodystart="90" bodyend="-1"/>
      </memberdef>
      <memberdef kind="variable" id="info_8php_1a2386f7a09e61f83c3e0f08c186fb4a6e" prot="public" static="no" mutable="no">
        <type></type>
        <definition>$flickr</definition>
        <argsstring></argsstring>
        <name>$flickr</name>
        <initializer>= new phpFlickr( $app_key , $app_secret )</initializer>
        <briefdescription>
        </briefdescription>
        <detaileddescription>
        </detaileddescription>
        <inbodydescription>
        </inbodydescription>
        <location file="C:/Users/David/Desktop/dsa_cw-master/info.php" line="91" column="1" bodyfile="C:/Users/David/Desktop/dsa_cw-master/info.php" bodystart="91" bodyend="-1"/>
      </memberdef>
      <memberdef kind="variable" id="info_8php_1a7009542551e0ad5c4e0a84b09678ba11" prot="public" static="no" mutable="no">
        <type></type>
        <definition>$option</definition>
        <argsstring></argsstring>
        <name>$option</name>
        <initializer>= array(
	
		&apos;text&apos; =&gt; $name ,
		
		&apos;per_page&apos; =&gt; 10 ,		
		
		&apos;extras&apos; =&gt; &apos;url_q,url_c&apos; , 		
	)</initializer>
        <briefdescription>
        </briefdescription>
        <detaileddescription>
        </detaileddescription>
        <inbodydescription>
        </inbodydescription>
        <location file="C:/Users/David/Desktop/dsa_cw-master/info.php" line="98" column="1" bodyfile="C:/Users/David/Desktop/dsa_cw-master/info.php" bodystart="98" bodyend="-1"/>
      </memberdef>
      <memberdef kind="variable" id="info_8php_1a93e4671da0172e59d78baf57cea4bcf6" prot="public" static="no" mutable="no">
        <type>foreach(array( &apos;text&apos;, &apos;per_page&apos;) as $val)</type>
        <definition>foreach (array(&apos;text&apos;, &apos;per_page&apos;) as $val) $result</definition>
        <argsstring></argsstring>
        <name>$result</name>
        <initializer>= $flickr-&gt;photos_search( $option )</initializer>
        <briefdescription>
        </briefdescription>
        <detaileddescription>
        </detaileddescription>
        <inbodydescription>
        </inbodydescription>
        <location file="C:/Users/David/Desktop/dsa_cw-master/info.php" line="115" column="1" bodyfile="C:/Users/David/Desktop/dsa_cw-master/info.php" bodystart="115" bodyend="-1"/>
      </memberdef>
      <memberdef kind="variable" id="info_8php_1acedd13b51401130848ce18f4d5c52605" prot="public" static="no" mutable="no">
        <type></type>
        <definition>$json</definition>
        <argsstring></argsstring>
        <name>$json</name>
        <initializer>= json_encode( $result )</initializer>
        <briefdescription>
        </briefdescription>
        <detaileddescription>
        </detaileddescription>
        <inbodydescription>
        </inbodydescription>
        <location file="C:/Users/David/Desktop/dsa_cw-master/info.php" line="116" column="1" bodyfile="C:/Users/David/Desktop/dsa_cw-master/info.php" bodystart="116" bodyend="-1"/>
      </memberdef>
      <memberdef kind="variable" id="info_8php_1a9008ed94ba185855b1723e367744b87e" prot="public" static="no" mutable="no">
        <type></type>
        <definition>$obj</definition>
        <argsstring></argsstring>
        <name>$obj</name>
        <initializer>= json_decode( $json )</initializer>
        <briefdescription>
        </briefdescription>
        <detaileddescription>
        </detaileddescription>
        <inbodydescription>
        </inbodydescription>
        <location file="C:/Users/David/Desktop/dsa_cw-master/info.php" line="117" column="1" bodyfile="C:/Users/David/Desktop/dsa_cw-master/info.php" bodystart="117" bodyend="-1"/>
      </memberdef>
      <memberdef kind="variable" id="info_8php_1ae76fdfc2f2441a30a1c59653be27c2e3" prot="public" static="no" mutable="no">
        <type></type>
        <definition>foreach ($obj-&gt;photo as $photo) $html</definition>
        <argsstring></argsstring>
        <name>$html</name>
        <initializer>= &apos;&apos;</initializer>
        <briefdescription>
        </briefdescription>
        <detaileddescription>
        </detaileddescription>
        <inbodydescription>
        </inbodydescription>
        <location file="C:/Users/David/Desktop/dsa_cw-master/info.php" line="118" column="1" bodyfile="C:/Users/David/Desktop/dsa_cw-master/info.php" bodystart="118" bodyend="-1"/>
      </memberdef>
      </sectiondef>
    <briefdescription>
    </briefdescription>
    <detaileddescription>
    </detaileddescription>
    <programlisting>
<codeline lineno="1"><highlight class="normal">&lt;!DOCTYPE<sp/>html&gt;</highlight></codeline>
<codeline lineno="2"><highlight class="normal">&lt;html&gt;</highlight></codeline>
<codeline lineno="3"><highlight class="normal">&lt;head&gt;</highlight></codeline>
<codeline lineno="4"><highlight class="normal">&lt;link<sp/>rel=</highlight><highlight class="stringliteral">&quot;stylesheet&quot;</highlight><highlight class="normal"><sp/>type=</highlight><highlight class="stringliteral">&quot;text/css&quot;</highlight><highlight class="normal"><sp/>href=</highlight><highlight class="stringliteral">&quot;style.css&quot;</highlight><highlight class="normal"><sp/>/&gt;</highlight></codeline>
<codeline lineno="5"><highlight class="normal"><sp/><sp/>&lt;/head&gt;</highlight></codeline>
<codeline lineno="6"><highlight class="normal">&lt;body&gt;</highlight></codeline>
<codeline lineno="7"><highlight class="normal">&lt;header&gt;</highlight></codeline>
<codeline lineno="8"><highlight class="normal">&lt;H1&gt;DSA<sp/>Assignment&lt;/H1&gt;</highlight></codeline>
<codeline lineno="9"><highlight class="normal">&lt;/header&gt;</highlight></codeline>
<codeline lineno="10"><highlight class="normal"></highlight></codeline>
<codeline lineno="11"><highlight class="normal">&lt;?php</highlight></codeline>
<codeline lineno="12"><highlight class="normal"></highlight></codeline>
<codeline lineno="19"><highlight class="normal"><sp/><sp/><sp/><sp/>include(</highlight><highlight class="stringliteral">&apos;sql.php&apos;</highlight><highlight class="normal">);</highlight></codeline>
<codeline lineno="20"><highlight class="normal"><sp/><sp/><sp/><sp/>include(</highlight><highlight class="stringliteral">&apos;keys.php&apos;</highlight><highlight class="normal">);</highlight></codeline>
<codeline lineno="21"><highlight class="normal"><sp/><sp/><sp/><sp/></highlight></codeline>
<codeline lineno="22"><highlight class="normal"><sp/><sp/><sp/><sp/><sp/><sp/><sp/><sp/><sp/><sp/><sp/><sp/>echo<sp/></highlight><highlight class="stringliteral">&quot;&lt;br&gt;&quot;</highlight><highlight class="normal">;</highlight></codeline>
<codeline lineno="23" refid="info_8php_1ab2fc40d43824ea3e1ce5d86dee0d763b" refkind="member"><highlight class="normal"><sp/><sp/><sp/><sp/><ref refid="info_8php_1ab2fc40d43824ea3e1ce5d86dee0d763b" kindref="member">$name</ref><sp/>=<sp/>$_GET[</highlight><highlight class="stringliteral">&apos;name&apos;</highlight><highlight class="normal">];</highlight></codeline>
<codeline lineno="24" refid="info_8php_1a49a8a4009b02e49717caa88b128affc5" refkind="member"><highlight class="normal"><sp/><sp/><sp/><sp/><ref refid="info_8php_1a49a8a4009b02e49717caa88b128affc5" kindref="member">$res</ref>=call_sql(</highlight><highlight class="stringliteral">&quot;select<sp/>a.location_id,<sp/>woeid,<sp/>coordinates,<sp/>c.*,<sp/>group_concat(d.grape<sp/>separator<sp/>&apos;,<sp/>&apos;)<sp/>as<sp/>grapes<sp/>from<sp/>location<sp/>a<sp/>inner<sp/>join<sp/>vinyard<sp/>b<sp/>on<sp/>(a.location_id=b.location_id)<sp/>left<sp/>join<sp/>wine<sp/>c<sp/>on<sp/>(b.vinyard=c.vinyard)<sp/>left<sp/>join<sp/>grapes<sp/>d<sp/>on<sp/>(c.wine_id=d.wine_id)where<sp/>a.name<sp/>=<sp/><sp/>&apos;$name&apos;&quot;</highlight><highlight class="normal">);</highlight></codeline>
<codeline lineno="25"><highlight class="normal"><sp/><sp/><sp/><sp/></highlight><highlight class="keywordflow">if</highlight><highlight class="normal">(<ref refid="info_8php_1a49a8a4009b02e49717caa88b128affc5" kindref="member">$res</ref>[0][</highlight><highlight class="stringliteral">&apos;name&apos;</highlight><highlight class="normal">]==NULL<sp/>&amp;&amp;<sp/>isset(<ref refid="info_8php_1ab2fc40d43824ea3e1ce5d86dee0d763b" kindref="member">$name</ref>)){</highlight></codeline>
<codeline lineno="26"><highlight class="normal"><sp/><sp/><sp/><sp/><sp/><sp/><sp/><sp/><ref refid="info_8php_1a49a8a4009b02e49717caa88b128affc5" kindref="member">$res</ref>=call_sql(</highlight><highlight class="stringliteral">&quot;select<sp/>a.location_id,<sp/>woeid,<sp/>coordinates,<sp/>b.*,<sp/>group_concat(c.language<sp/>separator<sp/>&apos;,<sp/>&apos;)<sp/>as<sp/>languages<sp/>from<sp/>location<sp/>a<sp/>inner<sp/>join<sp/>region<sp/>b<sp/>on<sp/>(a.location_id=b.location_id)<sp/>left<sp/>join<sp/>languages<sp/>c<sp/>on<sp/>(b.region_id=c.region_id)<sp/>where<sp/>a.name<sp/>=<sp/><sp/>&apos;$name&apos;&quot;</highlight><highlight class="normal">);</highlight></codeline>
<codeline lineno="27"><highlight class="normal"><sp/><sp/><sp/><sp/><sp/><sp/><sp/><sp/>echo<sp/></highlight><highlight class="stringliteral">&apos;&lt;table<sp/>style=&quot;width:80%;border:<sp/>1px<sp/>solid<sp/>black;background-color:white;margin:auto;&quot;&gt;&apos;</highlight><highlight class="normal">;</highlight></codeline>
<codeline lineno="28"><highlight class="normal"><sp/><sp/><sp/><sp/><sp/><sp/><sp/><sp/></highlight><highlight class="keywordflow">for</highlight><highlight class="normal">($i=0;$i&lt;count(<ref refid="info_8php_1a49a8a4009b02e49717caa88b128affc5" kindref="member">$res</ref>[0]);$i++){</highlight></codeline>
<codeline lineno="29"><highlight class="normal"><sp/><sp/><sp/><sp/><sp/><sp/><sp/><sp/><sp/><sp/><sp/><sp/>echo<sp/></highlight><highlight class="stringliteral">&quot;&lt;tr&gt;&quot;</highlight><highlight class="normal">;</highlight></codeline>
<codeline lineno="30"><highlight class="normal"><sp/><sp/><sp/><sp/><sp/><sp/><sp/><sp/><sp/><sp/><sp/><sp/>$keys<sp/>=<sp/>array_keys(<ref refid="info_8php_1a49a8a4009b02e49717caa88b128affc5" kindref="member">$res</ref>[0]);</highlight></codeline>
<codeline lineno="31"><highlight class="normal"><sp/><sp/><sp/><sp/><sp/><sp/><sp/><sp/><sp/><sp/><sp/><sp/>echo<sp/></highlight><highlight class="stringliteral">&quot;&lt;td&gt;&quot;</highlight><highlight class="normal">.$keys[$i].</highlight><highlight class="stringliteral">&quot;&lt;/td&gt;&quot;</highlight><highlight class="normal">;</highlight></codeline>
<codeline lineno="32"><highlight class="normal"><sp/><sp/><sp/><sp/><sp/><sp/><sp/><sp/><sp/><sp/><sp/><sp/>echo<sp/></highlight><highlight class="stringliteral">&quot;&lt;td&gt;&quot;</highlight><highlight class="normal">.$res[0][$keys[$i]].</highlight><highlight class="stringliteral">&quot;&lt;/td&gt;&quot;</highlight><highlight class="normal">;</highlight></codeline>
<codeline lineno="33"><highlight class="normal"><sp/><sp/><sp/><sp/><sp/><sp/><sp/><sp/><sp/><sp/><sp/><sp/>echo<sp/></highlight><highlight class="stringliteral">&quot;&lt;/tr&gt;&quot;</highlight><highlight class="normal">;</highlight></codeline>
<codeline lineno="34"><highlight class="normal"><sp/><sp/><sp/><sp/><sp/><sp/><sp/><sp/>}</highlight></codeline>
<codeline lineno="35"><highlight class="normal"><sp/><sp/><sp/><sp/><sp/><sp/><sp/><sp/>echo<sp/></highlight><highlight class="stringliteral">&apos;&lt;/table&gt;&apos;</highlight><highlight class="normal">;</highlight></codeline>
<codeline lineno="36"><highlight class="normal"><sp/><sp/><sp/><sp/>}<sp/>elseif(<ref refid="info_8php_1a49a8a4009b02e49717caa88b128affc5" kindref="member">$res</ref>==</highlight><highlight class="stringliteral">&quot;&quot;</highlight><highlight class="normal">){</highlight></codeline>
<codeline lineno="37"><highlight class="normal"><sp/><sp/><sp/><sp/><sp/><sp/><sp/><sp/>echo<sp/></highlight><highlight class="stringliteral">&quot;no<sp/>results,<sp/>contact<sp/>administrator&quot;</highlight><highlight class="normal">;</highlight></codeline>
<codeline lineno="38" refid="info_8php_1a17351227938c682d6325129fa8ebbcfe" refkind="member"><highlight class="normal"><sp/><sp/><sp/><sp/>}<sp/></highlight><highlight class="keywordflow">else</highlight><highlight class="normal"><sp/>{</highlight></codeline>
<codeline lineno="39"><highlight class="normal"><sp/><sp/><sp/><sp/><sp/><sp/><sp/><sp/>echo<sp/></highlight><highlight class="stringliteral">&apos;&lt;table<sp/>style=&quot;width:80%;border:<sp/>1px<sp/>solid<sp/>white;background-color:black;margin:auto;&quot;&gt;&apos;</highlight><highlight class="normal">;</highlight></codeline>
<codeline lineno="40" refid="info_8php_1ac18805fec6bcb84fc681aac8ce84cdbb" refkind="member"><highlight class="normal"><sp/><sp/><sp/><sp/><sp/><sp/><sp/><sp/></highlight><highlight class="keywordflow">for</highlight><highlight class="normal">($i=0;$i&lt;count(<ref refid="info_8php_1a49a8a4009b02e49717caa88b128affc5" kindref="member">$res</ref>[0]);$i++){</highlight></codeline>
<codeline lineno="41"><highlight class="normal"><sp/><sp/><sp/><sp/><sp/><sp/><sp/><sp/><sp/><sp/><sp/><sp/>echo<sp/></highlight><highlight class="stringliteral">&quot;&lt;tr&gt;&quot;</highlight><highlight class="normal">;</highlight></codeline>
<codeline lineno="42"><highlight class="normal"><sp/><sp/><sp/><sp/><sp/><sp/><sp/><sp/><sp/><sp/><sp/><sp/>$keys<sp/>=<sp/>array_keys(<ref refid="info_8php_1a49a8a4009b02e49717caa88b128affc5" kindref="member">$res</ref>[0]);</highlight></codeline>
<codeline lineno="43"><highlight class="normal"><sp/><sp/><sp/><sp/><sp/><sp/><sp/><sp/><sp/><sp/><sp/><sp/>echo<sp/></highlight><highlight class="stringliteral">&quot;&lt;td&gt;&quot;</highlight><highlight class="normal">.$keys[$i].</highlight><highlight class="stringliteral">&quot;&lt;/td&gt;&quot;</highlight><highlight class="normal">;</highlight></codeline>
<codeline lineno="44"><highlight class="normal"><sp/><sp/><sp/><sp/><sp/><sp/><sp/><sp/><sp/><sp/><sp/><sp/>echo<sp/></highlight><highlight class="stringliteral">&quot;&lt;td&gt;&quot;</highlight><highlight class="normal">.$res[0][$keys[$i]].</highlight><highlight class="stringliteral">&quot;&lt;/td&gt;&quot;</highlight><highlight class="normal">;</highlight></codeline>
<codeline lineno="45"><highlight class="normal"><sp/><sp/><sp/><sp/><sp/><sp/><sp/><sp/><sp/><sp/><sp/><sp/>echo<sp/></highlight><highlight class="stringliteral">&quot;&lt;/tr&gt;&quot;</highlight><highlight class="normal">;</highlight></codeline>
<codeline lineno="46"><highlight class="normal"><sp/><sp/><sp/><sp/><sp/><sp/><sp/><sp/>}</highlight></codeline>
<codeline lineno="47"><highlight class="normal"><sp/><sp/><sp/><sp/><sp/><sp/><sp/><sp/>echo<sp/></highlight><highlight class="stringliteral">&apos;&lt;/table&gt;&apos;</highlight><highlight class="normal">;</highlight></codeline>
<codeline lineno="48"><highlight class="normal"><sp/><sp/><sp/><sp/><sp/><sp/><sp/><sp/>echo<sp/></highlight><highlight class="stringliteral">&quot;&lt;br&gt;&quot;</highlight><highlight class="normal">;</highlight></codeline>
<codeline lineno="49"><highlight class="normal"><sp/><sp/><sp/><sp/>}</highlight></codeline>
<codeline lineno="50"><highlight class="normal"><sp/><sp/><sp/><sp/></highlight></codeline>
<codeline lineno="52" refid="info_8php_1a3e6f0791c64fd31de50047c26a386d09" refkind="member"><highlight class="normal"><sp/><sp/><sp/><sp/><ref refid="info_8php_1a3e6f0791c64fd31de50047c26a386d09" kindref="member">$co</ref>=str_replace(</highlight><highlight class="stringliteral">&quot;<sp/>&quot;</highlight><highlight class="normal">,</highlight><highlight class="stringliteral">&quot;&quot;</highlight><highlight class="normal">,<ref refid="info_8php_1a49a8a4009b02e49717caa88b128affc5" kindref="member">$res</ref>[0][</highlight><highlight class="stringliteral">&apos;coordinates&apos;</highlight><highlight class="normal">]);</highlight></codeline>
<codeline lineno="53" refid="info_8php_1adacabc2e35728f14ace9b9f2a7ca4201" refkind="member"><highlight class="normal"><sp/><sp/><sp/><sp/><ref refid="info_8php_1adacabc2e35728f14ace9b9f2a7ca4201" kindref="member">$weather_data</ref><sp/>=<sp/>json_decode(file_get_contents(</highlight><highlight class="stringliteral">&quot;http://api.wunderground.com/api/$weather_key/geolookup/q/$co.json&quot;</highlight><highlight class="normal">),</highlight><highlight class="keyword">true</highlight><highlight class="normal">);</highlight></codeline>
<codeline lineno="55" refid="info_8php_1a5b9ddd3e3a69d8901270064346bdef49" refkind="member"><highlight class="normal"><sp/><sp/><sp/><sp/><ref refid="info_8php_1a5b9ddd3e3a69d8901270064346bdef49" kindref="member">$city</ref><sp/>=<sp/>str_replace(</highlight><highlight class="stringliteral">&quot;<sp/>&quot;</highlight><highlight class="normal">,</highlight><highlight class="stringliteral">&quot;_&quot;</highlight><highlight class="normal">,<ref refid="info_8php_1adacabc2e35728f14ace9b9f2a7ca4201" kindref="member">$weather_data</ref>[</highlight><highlight class="stringliteral">&apos;location&apos;</highlight><highlight class="normal">][</highlight><highlight class="stringliteral">&apos;city&apos;</highlight><highlight class="normal">]);</highlight></codeline>
<codeline lineno="56" refid="info_8php_1a1437a5f6eb157f0eb267a26e0ad4f1ba" refkind="member"><highlight class="normal"><sp/><sp/><sp/><sp/><ref refid="info_8php_1a1437a5f6eb157f0eb267a26e0ad4f1ba" kindref="member">$country</ref><sp/>=<sp/><ref refid="info_8php_1adacabc2e35728f14ace9b9f2a7ca4201" kindref="member">$weather_data</ref>[</highlight><highlight class="stringliteral">&apos;location&apos;</highlight><highlight class="normal">][</highlight><highlight class="stringliteral">&apos;country&apos;</highlight><highlight class="normal">];</highlight></codeline>
<codeline lineno="57" refid="info_8php_1a9b549a448256b274c74786bbb07d03bc" refkind="member"><highlight class="normal"><sp/><sp/><sp/><sp/><ref refid="info_8php_1a9b549a448256b274c74786bbb07d03bc" kindref="member">$city_weather</ref><sp/>=<sp/>json_decode(file_get_contents(</highlight><highlight class="stringliteral">&quot;http://api.wunderground.com/api/$weather_key/conditions/q/$country/$city.json&quot;</highlight><highlight class="normal">),</highlight><highlight class="keyword">true</highlight><highlight class="normal">);</highlight></codeline>
<codeline lineno="58" refid="info_8php_1a62c2723be166ae49619ccb145da7fb44" refkind="member"><highlight class="normal"><sp/><sp/><sp/><sp/><ref refid="info_8php_1a62c2723be166ae49619ccb145da7fb44" kindref="member">$city_forecast</ref><sp/>=<sp/>json_decode(file_get_contents(</highlight><highlight class="stringliteral">&quot;http://api.wunderground.com/api/$weather_key/forecast/q/$country/$city.json&quot;</highlight><highlight class="normal">),</highlight><highlight class="keyword">true</highlight><highlight class="normal">);</highlight></codeline>
<codeline lineno="59"><highlight class="normal"><sp/><sp/><sp/><sp/></highlight><highlight class="comment">/*<sp/>Echo<sp/>Print<sp/>out<sp/>the<sp/>forcast<sp/>**/</highlight><highlight class="normal"></highlight></codeline>
<codeline lineno="60"><highlight class="normal"><sp/><sp/><sp/><sp/>echo<sp/></highlight><highlight class="stringliteral">&quot;&lt;br&gt;&quot;</highlight><highlight class="normal">;</highlight></codeline>
<codeline lineno="61"><highlight class="normal"><sp/><sp/><sp/><sp/>echo<sp/></highlight><highlight class="stringliteral">&quot;&lt;H2&gt;<sp/>Local<sp/>Weather<sp/>forecast&lt;/H2&gt;&quot;</highlight><highlight class="normal">;</highlight></codeline>
<codeline lineno="62"><highlight class="normal"><sp/><sp/><sp/><sp/>echo<sp/></highlight><highlight class="stringliteral">&quot;&lt;div<sp/>class=&apos;weather&apos;&gt;&quot;</highlight><highlight class="normal">;</highlight></codeline>
<codeline lineno="63"><highlight class="normal"><sp/><sp/><sp/><sp/></highlight><highlight class="keywordflow">if</highlight><highlight class="normal">(isset(<ref refid="info_8php_1a62c2723be166ae49619ccb145da7fb44" kindref="member">$city_forecast</ref>[</highlight><highlight class="stringliteral">&apos;forecast&apos;</highlight><highlight class="normal">])){</highlight></codeline>
<codeline lineno="64"><highlight class="normal"><sp/><sp/><sp/><sp/><sp/><sp/><sp/><sp/>echo<sp/><sp/><ref refid="info_8php_1a62c2723be166ae49619ccb145da7fb44" kindref="member">$city_forecast</ref>[</highlight><highlight class="stringliteral">&apos;forecast&apos;</highlight><highlight class="normal">][</highlight><highlight class="stringliteral">&apos;txt_forecast&apos;</highlight><highlight class="normal">][</highlight><highlight class="stringliteral">&apos;forecastday&apos;</highlight><highlight class="normal">][</highlight><highlight class="charliteral">&apos;1&apos;</highlight><highlight class="normal">][</highlight><highlight class="stringliteral">&apos;title&apos;</highlight><highlight class="normal">].</highlight><highlight class="stringliteral">&quot;:<sp/>&quot;</highlight><highlight class="normal">;</highlight></codeline>
<codeline lineno="65"><highlight class="normal"><sp/><sp/><sp/><sp/><sp/><sp/><sp/><sp/>echo<sp/><ref refid="info_8php_1a62c2723be166ae49619ccb145da7fb44" kindref="member">$city_forecast</ref>[</highlight><highlight class="stringliteral">&apos;forecast&apos;</highlight><highlight class="normal">][</highlight><highlight class="stringliteral">&apos;txt_forecast&apos;</highlight><highlight class="normal">][</highlight><highlight class="stringliteral">&apos;forecastday&apos;</highlight><highlight class="normal">][</highlight><highlight class="charliteral">&apos;1&apos;</highlight><highlight class="normal">][</highlight><highlight class="stringliteral">&apos;fcttext_metric&apos;</highlight><highlight class="normal">].</highlight><highlight class="stringliteral">&quot;&lt;br&gt;&lt;br&gt;&quot;</highlight><highlight class="normal">;</highlight></codeline>
<codeline lineno="66"><highlight class="normal"><sp/><sp/><sp/><sp/><sp/><sp/><sp/><sp/>echo<sp/><sp/><ref refid="info_8php_1a62c2723be166ae49619ccb145da7fb44" kindref="member">$city_forecast</ref>[</highlight><highlight class="stringliteral">&apos;forecast&apos;</highlight><highlight class="normal">][</highlight><highlight class="stringliteral">&apos;txt_forecast&apos;</highlight><highlight class="normal">][</highlight><highlight class="stringliteral">&apos;forecastday&apos;</highlight><highlight class="normal">][</highlight><highlight class="charliteral">&apos;2&apos;</highlight><highlight class="normal">][</highlight><highlight class="stringliteral">&apos;title&apos;</highlight><highlight class="normal">].</highlight><highlight class="stringliteral">&quot;<sp/>:&quot;</highlight><highlight class="normal">;</highlight></codeline>
<codeline lineno="67"><highlight class="normal"><sp/><sp/><sp/><sp/><sp/><sp/><sp/><sp/>echo<sp/><sp/><ref refid="info_8php_1a62c2723be166ae49619ccb145da7fb44" kindref="member">$city_forecast</ref>[</highlight><highlight class="stringliteral">&apos;forecast&apos;</highlight><highlight class="normal">][</highlight><highlight class="stringliteral">&apos;txt_forecast&apos;</highlight><highlight class="normal">][</highlight><highlight class="stringliteral">&apos;forecastday&apos;</highlight><highlight class="normal">][</highlight><highlight class="charliteral">&apos;2&apos;</highlight><highlight class="normal">][</highlight><highlight class="stringliteral">&apos;fcttext_metric&apos;</highlight><highlight class="normal">].</highlight><highlight class="stringliteral">&quot;&lt;br&gt;&lt;br&gt;&quot;</highlight><highlight class="normal">;</highlight></codeline>
<codeline lineno="68"><highlight class="normal"><sp/><sp/><sp/><sp/><sp/><sp/><sp/><sp/>echo<sp/><sp/><ref refid="info_8php_1a62c2723be166ae49619ccb145da7fb44" kindref="member">$city_forecast</ref>[</highlight><highlight class="stringliteral">&apos;forecast&apos;</highlight><highlight class="normal">][</highlight><highlight class="stringliteral">&apos;txt_forecast&apos;</highlight><highlight class="normal">][</highlight><highlight class="stringliteral">&apos;forecastday&apos;</highlight><highlight class="normal">][</highlight><highlight class="charliteral">&apos;3&apos;</highlight><highlight class="normal">][</highlight><highlight class="stringliteral">&apos;title&apos;</highlight><highlight class="normal">].</highlight><highlight class="stringliteral">&quot;:<sp/>&quot;</highlight><highlight class="normal">;</highlight></codeline>
<codeline lineno="69"><highlight class="normal"><sp/><sp/><sp/><sp/><sp/><sp/><sp/><sp/>echo<sp/><sp/><ref refid="info_8php_1a62c2723be166ae49619ccb145da7fb44" kindref="member">$city_forecast</ref>[</highlight><highlight class="stringliteral">&apos;forecast&apos;</highlight><highlight class="normal">][</highlight><highlight class="stringliteral">&apos;txt_forecast&apos;</highlight><highlight class="normal">][</highlight><highlight class="stringliteral">&apos;forecastday&apos;</highlight><highlight class="normal">][</highlight><highlight class="charliteral">&apos;3&apos;</highlight><highlight class="normal">][</highlight><highlight class="stringliteral">&apos;fcttext_metric&apos;</highlight><highlight class="normal">].</highlight><highlight class="stringliteral">&quot;&lt;br&gt;&lt;br&gt;&quot;</highlight><highlight class="normal">;</highlight></codeline>
<codeline lineno="70"><highlight class="normal"><sp/><sp/><sp/><sp/><sp/><sp/><sp/><sp/>echo<sp/><sp/><ref refid="info_8php_1a62c2723be166ae49619ccb145da7fb44" kindref="member">$city_forecast</ref>[</highlight><highlight class="stringliteral">&apos;forecast&apos;</highlight><highlight class="normal">][</highlight><highlight class="stringliteral">&apos;txt_forecast&apos;</highlight><highlight class="normal">][</highlight><highlight class="stringliteral">&apos;forecastday&apos;</highlight><highlight class="normal">][</highlight><highlight class="charliteral">&apos;4&apos;</highlight><highlight class="normal">][</highlight><highlight class="stringliteral">&apos;title&apos;</highlight><highlight class="normal">].</highlight><highlight class="stringliteral">&quot;:<sp/>&quot;</highlight><highlight class="normal">;</highlight></codeline>
<codeline lineno="71"><highlight class="normal"><sp/><sp/><sp/><sp/><sp/><sp/><sp/><sp/>echo<sp/><sp/><ref refid="info_8php_1a62c2723be166ae49619ccb145da7fb44" kindref="member">$city_forecast</ref>[</highlight><highlight class="stringliteral">&apos;forecast&apos;</highlight><highlight class="normal">][</highlight><highlight class="stringliteral">&apos;txt_forecast&apos;</highlight><highlight class="normal">][</highlight><highlight class="stringliteral">&apos;forecastday&apos;</highlight><highlight class="normal">][</highlight><highlight class="charliteral">&apos;4&apos;</highlight><highlight class="normal">][</highlight><highlight class="stringliteral">&apos;fcttext_metric&apos;</highlight><highlight class="normal">].</highlight><highlight class="stringliteral">&quot;&lt;br&gt;&lt;br&gt;&quot;</highlight><highlight class="normal">;</highlight></codeline>
<codeline lineno="72"><highlight class="normal"><sp/><sp/><sp/><sp/><sp/><sp/><sp/><sp/>echo<sp/><sp/><ref refid="info_8php_1a62c2723be166ae49619ccb145da7fb44" kindref="member">$city_forecast</ref>[</highlight><highlight class="stringliteral">&apos;forecast&apos;</highlight><highlight class="normal">][</highlight><highlight class="stringliteral">&apos;txt_forecast&apos;</highlight><highlight class="normal">][</highlight><highlight class="stringliteral">&apos;forecastday&apos;</highlight><highlight class="normal">][</highlight><highlight class="charliteral">&apos;5&apos;</highlight><highlight class="normal">][</highlight><highlight class="stringliteral">&apos;title&apos;</highlight><highlight class="normal">].</highlight><highlight class="stringliteral">&quot;:<sp/>&quot;</highlight><highlight class="normal">;</highlight></codeline>
<codeline lineno="73"><highlight class="normal"><sp/><sp/><sp/><sp/><sp/><sp/><sp/><sp/>echo<sp/><sp/><ref refid="info_8php_1a62c2723be166ae49619ccb145da7fb44" kindref="member">$city_forecast</ref>[</highlight><highlight class="stringliteral">&apos;forecast&apos;</highlight><highlight class="normal">][</highlight><highlight class="stringliteral">&apos;txt_forecast&apos;</highlight><highlight class="normal">][</highlight><highlight class="stringliteral">&apos;forecastday&apos;</highlight><highlight class="normal">][</highlight><highlight class="charliteral">&apos;5&apos;</highlight><highlight class="normal">][</highlight><highlight class="stringliteral">&apos;fcttext_metric&apos;</highlight><highlight class="normal">].</highlight><highlight class="stringliteral">&quot;&lt;br&gt;&lt;br&gt;&quot;</highlight><highlight class="normal">;</highlight></codeline>
<codeline lineno="74"><highlight class="normal"><sp/><sp/><sp/><sp/><sp/><sp/><sp/><sp/>echo<sp/><sp/><ref refid="info_8php_1a62c2723be166ae49619ccb145da7fb44" kindref="member">$city_forecast</ref>[</highlight><highlight class="stringliteral">&apos;forecast&apos;</highlight><highlight class="normal">][</highlight><highlight class="stringliteral">&apos;txt_forecast&apos;</highlight><highlight class="normal">][</highlight><highlight class="stringliteral">&apos;forecastday&apos;</highlight><highlight class="normal">][</highlight><highlight class="charliteral">&apos;6&apos;</highlight><highlight class="normal">][</highlight><highlight class="stringliteral">&apos;title&apos;</highlight><highlight class="normal">].</highlight><highlight class="stringliteral">&quot;:<sp/>&quot;</highlight><highlight class="normal">;</highlight></codeline>
<codeline lineno="75"><highlight class="normal"><sp/><sp/><sp/><sp/><sp/><sp/><sp/><sp/>echo<sp/><sp/><ref refid="info_8php_1a62c2723be166ae49619ccb145da7fb44" kindref="member">$city_forecast</ref>[</highlight><highlight class="stringliteral">&apos;forecast&apos;</highlight><highlight class="normal">][</highlight><highlight class="stringliteral">&apos;txt_forecast&apos;</highlight><highlight class="normal">][</highlight><highlight class="stringliteral">&apos;forecastday&apos;</highlight><highlight class="normal">][</highlight><highlight class="charliteral">&apos;6&apos;</highlight><highlight class="normal">][</highlight><highlight class="stringliteral">&apos;fcttext_metric&apos;</highlight><highlight class="normal">].</highlight><highlight class="stringliteral">&quot;&lt;br&gt;&lt;br&gt;&quot;</highlight><highlight class="normal">;</highlight></codeline>
<codeline lineno="76"><highlight class="normal"><sp/><sp/><sp/><sp/><sp/><sp/><sp/><sp/>echo<sp/><sp/><ref refid="info_8php_1a62c2723be166ae49619ccb145da7fb44" kindref="member">$city_forecast</ref>[</highlight><highlight class="stringliteral">&apos;forecast&apos;</highlight><highlight class="normal">][</highlight><highlight class="stringliteral">&apos;txt_forecast&apos;</highlight><highlight class="normal">][</highlight><highlight class="stringliteral">&apos;forecastday&apos;</highlight><highlight class="normal">][</highlight><highlight class="charliteral">&apos;7&apos;</highlight><highlight class="normal">][</highlight><highlight class="stringliteral">&apos;title&apos;</highlight><highlight class="normal">].</highlight><highlight class="stringliteral">&quot;:<sp/>&quot;</highlight><highlight class="normal">;</highlight></codeline>
<codeline lineno="77"><highlight class="normal"><sp/><sp/><sp/><sp/><sp/><sp/><sp/><sp/>echo<sp/><sp/><ref refid="info_8php_1a62c2723be166ae49619ccb145da7fb44" kindref="member">$city_forecast</ref>[</highlight><highlight class="stringliteral">&apos;forecast&apos;</highlight><highlight class="normal">][</highlight><highlight class="stringliteral">&apos;txt_forecast&apos;</highlight><highlight class="normal">][</highlight><highlight class="stringliteral">&apos;forecastday&apos;</highlight><highlight class="normal">][</highlight><highlight class="charliteral">&apos;7&apos;</highlight><highlight class="normal">][</highlight><highlight class="stringliteral">&apos;fcttext_metric&apos;</highlight><highlight class="normal">].</highlight><highlight class="stringliteral">&quot;&lt;br&gt;&lt;br&gt;&quot;</highlight><highlight class="normal">;</highlight></codeline>
<codeline lineno="78"><highlight class="normal"><sp/><sp/><sp/><sp/><sp/><sp/><sp/><sp/></highlight></codeline>
<codeline lineno="79"><highlight class="normal"><sp/><sp/><sp/><sp/><sp/><sp/><sp/><sp/></highlight><highlight class="comment">/*<sp/>If<sp/>weather<sp/>deta<sp/>is<sp/>not<sp/>avalibel<sp/>**/</highlight><highlight class="normal"></highlight></codeline>
<codeline lineno="80"><highlight class="normal"><sp/><sp/><sp/><sp/>}<sp/></highlight><highlight class="keywordflow">else</highlight><highlight class="normal"><sp/>{</highlight></codeline>
<codeline lineno="81"><highlight class="normal"><sp/><sp/><sp/><sp/><sp/><sp/><sp/><sp/></highlight></codeline>
<codeline lineno="82"><highlight class="normal"><sp/><sp/><sp/><sp/><sp/><sp/><sp/><sp/>echo<sp/></highlight><highlight class="stringliteral">&quot;Weather<sp/>Data<sp/>Unavailable.&quot;</highlight><highlight class="normal">;</highlight></codeline>
<codeline lineno="83"><highlight class="normal"><sp/><sp/><sp/><sp/>}</highlight></codeline>
<codeline lineno="84"><highlight class="normal"><sp/><sp/><sp/><sp/>echo<sp/></highlight><highlight class="stringliteral">&quot;&lt;/div&gt;&quot;</highlight><highlight class="normal">;</highlight></codeline>
<codeline lineno="85"><highlight class="normal"><sp/><sp/><sp/><sp/>require_once<sp/></highlight><highlight class="stringliteral">&apos;./phpFlickr.php&apos;</highlight><highlight class="normal"><sp/>;</highlight></codeline>
<codeline lineno="86"><highlight class="normal"><sp/><sp/><sp/><sp/></highlight></codeline>
<codeline lineno="87"><highlight class="normal"><sp/><sp/><sp/><sp/></highlight><highlight class="comment">/*<sp/>set<sp/>access<sp/>tokens(Used<sp/>to<sp/>grab<sp/>the<sp/>keys)<sp/>**/</highlight><highlight class="normal"></highlight></codeline>
<codeline lineno="88"><highlight class="normal"><sp/><sp/><sp/><sp/><sp/><sp/><sp/><sp/>echo<sp/></highlight><highlight class="stringliteral">&quot;&lt;div<sp/>class=&apos;flickr&apos;&gt;&quot;</highlight><highlight class="normal">;</highlight></codeline>
<codeline lineno="89" refid="info_8php_1af9a41e98f91b7d979f38d4d1c5f5ec0f" refkind="member"><highlight class="normal"><sp/><sp/><sp/><sp/><ref refid="info_8php_1af9a41e98f91b7d979f38d4d1c5f5ec0f" kindref="member">$app_key</ref><sp/>=<sp/></highlight><highlight class="stringliteral">&apos;6e94c0d005796512dd09ffe6c8f5c552&apos;</highlight><highlight class="normal"><sp/>;</highlight></codeline>
<codeline lineno="90" refid="info_8php_1ac84f6a5143b4b2cc09ee636972ecb4e2" refkind="member"><highlight class="normal"><sp/><sp/><sp/><sp/><ref refid="info_8php_1ac84f6a5143b4b2cc09ee636972ecb4e2" kindref="member">$app_secret</ref><sp/>=<sp/></highlight><highlight class="stringliteral">&apos;14ce22be7703306b&apos;</highlight><highlight class="normal"><sp/>;</highlight></codeline>
<codeline lineno="91" refid="info_8php_1a2386f7a09e61f83c3e0f08c186fb4a6e" refkind="member"><highlight class="normal"><sp/><sp/><sp/><sp/><ref refid="info_8php_1a2386f7a09e61f83c3e0f08c186fb4a6e" kindref="member">$flickr</ref><sp/>=<sp/></highlight><highlight class="keyword">new</highlight><highlight class="normal"><sp/>phpFlickr(<sp/><ref refid="info_8php_1af9a41e98f91b7d979f38d4d1c5f5ec0f" kindref="member">$app_key</ref><sp/>,<sp/><ref refid="info_8php_1ac84f6a5143b4b2cc09ee636972ecb4e2" kindref="member">$app_secret</ref><sp/>)<sp/>;</highlight></codeline>
<codeline lineno="92"><highlight class="normal"></highlight></codeline>
<codeline lineno="93"><highlight class="normal"><sp/><sp/><sp/><sp/></highlight></codeline>
<codeline lineno="94"><highlight class="normal"></highlight><highlight class="comment">/*<sp/>Below<sp/>is<sp/>the<sp/>code<sp/>for<sp/>the<sp/>Flicker<sp/>API<sp/>which<sp/>displays<sp/>images<sp/>on<sp/>the<sp/>page<sp/>unique<sp/>to<sp/>the<sp/>location<sp/>**/</highlight><highlight class="normal"><sp/><sp/><sp/></highlight></codeline>
<codeline lineno="95"><highlight class="normal"><sp/><sp/><sp/><sp/></highlight></codeline>
<codeline lineno="96"><highlight class="normal"><sp/><sp/><sp/><sp/></highlight></codeline>
<codeline lineno="97"><highlight class="normal"></highlight><highlight class="comment">/*<sp/>Auto<sp/>search<sp/>**/</highlight><highlight class="normal"></highlight></codeline>
<codeline lineno="98" refid="info_8php_1a7009542551e0ad5c4e0a84b09678ba11" refkind="member"><highlight class="normal"><sp/><sp/><sp/><sp/><ref refid="info_8php_1a7009542551e0ad5c4e0a84b09678ba11" kindref="member">$option</ref><sp/>=<sp/>array(</highlight></codeline>
<codeline lineno="99"><highlight class="normal"><sp/><sp/><sp/><sp/></highlight></codeline>
<codeline lineno="100"><highlight class="normal"><sp/><sp/><sp/><sp/><sp/><sp/><sp/><sp/></highlight><highlight class="stringliteral">&apos;text&apos;</highlight><highlight class="normal"><sp/>=&gt;<sp/><ref refid="info_8php_1ab2fc40d43824ea3e1ce5d86dee0d763b" kindref="member">$name</ref><sp/>,</highlight></codeline>
<codeline lineno="101"><highlight class="normal"><sp/><sp/><sp/><sp/><sp/><sp/><sp/><sp/></highlight><highlight class="comment">/*<sp/>Number<sp/>per<sp/>page<sp/>**/</highlight><highlight class="normal"></highlight></codeline>
<codeline lineno="102"><highlight class="normal"><sp/><sp/><sp/><sp/><sp/><sp/><sp/><sp/></highlight><highlight class="stringliteral">&apos;per_page&apos;</highlight><highlight class="normal"><sp/>=&gt;<sp/>10<sp/>,<sp/><sp/><sp/><sp/><sp/><sp/></highlight></codeline>
<codeline lineno="103"><highlight class="normal"><sp/><sp/><sp/><sp/><sp/><sp/><sp/><sp/></highlight><highlight class="comment">/*Image<sp/>Size<sp/>**/</highlight><highlight class="normal"></highlight></codeline>
<codeline lineno="104"><highlight class="normal"><sp/><sp/><sp/><sp/><sp/><sp/><sp/><sp/></highlight><highlight class="stringliteral">&apos;extras&apos;</highlight><highlight class="normal"><sp/>=&gt;<sp/></highlight><highlight class="stringliteral">&apos;url_q,url_c&apos;</highlight><highlight class="normal"><sp/>,<sp/><sp/><sp/><sp/><sp/><sp/><sp/><sp/><sp/></highlight></codeline>
<codeline lineno="105"><highlight class="normal"><sp/><sp/><sp/><sp/>)<sp/>;</highlight></codeline>
<codeline lineno="106"><highlight class="normal"><sp/><sp/><sp/><sp/></highlight></codeline>
<codeline lineno="107"><highlight class="normal"><sp/><sp/><sp/><sp/></highlight><highlight class="comment">/*<sp/>loop<sp/>through<sp/>array<sp/>and<sp/>perform<sp/>get<sp/>request<sp/>**/</highlight><highlight class="normal"></highlight></codeline>
<codeline lineno="108"><highlight class="normal"><sp/><sp/><sp/><sp/></highlight><highlight class="keywordflow">foreach</highlight><highlight class="normal">(<sp/>array(<sp/></highlight><highlight class="stringliteral">&apos;text&apos;</highlight><highlight class="normal"><sp/>,<sp/></highlight><highlight class="stringliteral">&apos;per_page&apos;</highlight><highlight class="normal">)<sp/>as<sp/>$val<sp/>)</highlight></codeline>
<codeline lineno="109"><highlight class="normal"><sp/><sp/><sp/><sp/>{</highlight></codeline>
<codeline lineno="110"><highlight class="normal"><sp/><sp/><sp/><sp/><sp/><sp/><sp/><sp/></highlight><highlight class="keywordflow">if</highlight><highlight class="normal">(<sp/>isset(<sp/>$_GET[<sp/>$val<sp/>]<sp/>)<sp/>&amp;&amp;<sp/>$_GET[<sp/>$val<sp/>]<sp/>!=<sp/></highlight><highlight class="stringliteral">&apos;&apos;</highlight><highlight class="normal"><sp/>)</highlight></codeline>
<codeline lineno="111"><highlight class="normal"><sp/><sp/><sp/><sp/><sp/><sp/><sp/><sp/>{</highlight></codeline>
<codeline lineno="112"><highlight class="normal"><sp/><sp/><sp/><sp/><sp/><sp/><sp/><sp/><sp/><sp/><sp/><sp/><ref refid="info_8php_1a7009542551e0ad5c4e0a84b09678ba11" kindref="member">$option</ref>[<sp/>$val<sp/>]<sp/>=<sp/>$_GET[<sp/>$val<sp/>]<sp/>;</highlight></codeline>
<codeline lineno="113"><highlight class="normal"><sp/><sp/><sp/><sp/><sp/><sp/><sp/><sp/>}</highlight></codeline>
<codeline lineno="114"><highlight class="normal"><sp/><sp/><sp/><sp/>}<sp/><sp/><sp/></highlight></codeline>
<codeline lineno="115" refid="info_8php_1a93e4671da0172e59d78baf57cea4bcf6" refkind="member"><highlight class="normal"><sp/><sp/><sp/><sp/><ref refid="info_8php_1a93e4671da0172e59d78baf57cea4bcf6" kindref="member">$result</ref><sp/>=<sp/><ref refid="info_8php_1a2386f7a09e61f83c3e0f08c186fb4a6e" kindref="member">$flickr</ref>-&gt;photos_search(<sp/><ref refid="info_8php_1a7009542551e0ad5c4e0a84b09678ba11" kindref="member">$option</ref><sp/>)<sp/>;</highlight></codeline>
<codeline lineno="116" refid="info_8php_1acedd13b51401130848ce18f4d5c52605" refkind="member"><highlight class="normal"><sp/><sp/><sp/><sp/><ref refid="info_8php_1acedd13b51401130848ce18f4d5c52605" kindref="member">$json</ref><sp/>=<sp/>json_encode(<sp/><ref refid="info_8php_1a93e4671da0172e59d78baf57cea4bcf6" kindref="member">$result</ref><sp/>);</highlight></codeline>
<codeline lineno="117" refid="info_8php_1a9008ed94ba185855b1723e367744b87e" refkind="member"><highlight class="normal"><sp/><sp/><sp/><sp/><ref refid="info_8php_1a9008ed94ba185855b1723e367744b87e" kindref="member">$obj</ref><sp/>=<sp/>json_decode(<sp/><ref refid="info_8php_1acedd13b51401130848ce18f4d5c52605" kindref="member">$json</ref><sp/>)<sp/>;</highlight></codeline>
<codeline lineno="118" refid="info_8php_1ae76fdfc2f2441a30a1c59653be27c2e3" refkind="member"><highlight class="normal"><sp/><sp/><sp/><sp/><ref refid="info_8php_1ae76fdfc2f2441a30a1c59653be27c2e3" kindref="member">$html</ref><sp/>=<sp/></highlight><highlight class="stringliteral">&apos;&apos;</highlight><highlight class="normal"><sp/>;</highlight></codeline>
<codeline lineno="119"><highlight class="normal"><sp/><sp/><sp/><sp/></highlight></codeline>
<codeline lineno="120"><highlight class="normal"><sp/><sp/><sp/><sp/></highlight><highlight class="comment">/*<sp/>gallery<sp/>position<sp/>**/</highlight><highlight class="normal"></highlight></codeline>
<codeline lineno="121"><highlight class="normal"><sp/><sp/><sp/><sp/><ref refid="info_8php_1ae76fdfc2f2441a30a1c59653be27c2e3" kindref="member">$html</ref><sp/>.=<sp/></highlight><highlight class="stringliteral">&apos;&lt;ul<sp/>style=&quot;margin:0<sp/>10%<sp/>0;<sp/>padding:0;padding:0;<sp/>overflow:hidden;<sp/>text-align:center;&quot;&gt;&apos;</highlight><highlight class="normal"><sp/>;</highlight></codeline>
<codeline lineno="122"><highlight class="normal"><sp/><sp/><sp/><sp/></highlight></codeline>
<codeline lineno="123"><highlight class="normal"><sp/><sp/><sp/><sp/></highlight><highlight class="comment">/*<sp/>output<sp/>each<sp/>image<sp/>**/</highlight><highlight class="normal"></highlight></codeline>
<codeline lineno="124"><highlight class="normal"><sp/><sp/><sp/><sp/></highlight></codeline>
<codeline lineno="125"><highlight class="normal"><sp/><sp/><sp/><sp/></highlight><highlight class="keywordflow">foreach</highlight><highlight class="normal">(<sp/><ref refid="info_8php_1a9008ed94ba185855b1723e367744b87e" kindref="member">$obj</ref>-&gt;photo<sp/>as<sp/>$photo<sp/>)</highlight></codeline>
<codeline lineno="126"><highlight class="normal"><sp/><sp/><sp/><sp/>{</highlight></codeline>
<codeline lineno="127"><highlight class="normal"><sp/><sp/><sp/><sp/><sp/><sp/><sp/><sp/></highlight></codeline>
<codeline lineno="128"><highlight class="normal"><sp/><sp/><sp/><sp/><sp/><sp/><sp/><sp/></highlight><highlight class="comment">/*<sp/>Set<sp/>Thumbnail<sp/>data<sp/>**/</highlight><highlight class="normal"></highlight></codeline>
<codeline lineno="129"><highlight class="normal"><sp/><sp/><sp/><sp/><sp/><sp/><sp/><sp/>$t_src<sp/>=<sp/>$photo-&gt;url_q<sp/>;<sp/><sp/><sp/><sp/><sp/><sp/><sp/><sp/></highlight><highlight class="comment">//<sp/>Thumbnail<sp/>Image<sp/>URL</highlight><highlight class="normal"></highlight></codeline>
<codeline lineno="130"><highlight class="normal"><sp/><sp/><sp/><sp/><sp/><sp/><sp/><sp/>$t_width<sp/>=<sp/>$photo-&gt;width_q<sp/>;<sp/><sp/><sp/><sp/></highlight><highlight class="comment">//<sp/>thumbnail<sp/>width</highlight><highlight class="normal"></highlight></codeline>
<codeline lineno="131"><highlight class="normal"><sp/><sp/><sp/><sp/><sp/><sp/><sp/><sp/>$t_height<sp/>=<sp/>$photo-&gt;height_q<sp/>;<sp/><sp/></highlight><highlight class="comment">//<sp/>thumbnail<sp/>height</highlight><highlight class="normal"></highlight></codeline>
<codeline lineno="132"><highlight class="normal"><sp/><sp/><sp/><sp/><sp/><sp/><sp/><sp/>$o_src<sp/>=<sp/>(<sp/>isset($photo-&gt;url_c)<sp/>)<sp/>?<sp/>$photo-&gt;url_c<sp/>:<sp/>$photo-&gt;url_q<sp/>;<sp/><sp/><sp/><sp/><sp/></highlight><highlight class="comment">//Image<sp/>URL</highlight><highlight class="normal"></highlight></codeline>
<codeline lineno="133"><highlight class="normal"><sp/><sp/><sp/><sp/><sp/><sp/><sp/><sp/></highlight></codeline>
<codeline lineno="134"><highlight class="normal"><sp/><sp/><sp/><sp/><sp/><sp/><sp/><sp/></highlight></codeline>
<codeline lineno="135"><highlight class="normal"><sp/><sp/><sp/><sp/><sp/><sp/><sp/><sp/><ref refid="info_8php_1ae76fdfc2f2441a30a1c59653be27c2e3" kindref="member">$html</ref><sp/>.=<sp/></highlight><highlight class="stringliteral">&apos;&lt;li<sp/>style=&quot;float:left;<sp/>margin:1px;<sp/>padding:0;<sp/>overflow:hidden;<sp/>height:112.5px&quot;&gt;&apos;</highlight><highlight class="normal"><sp/>;</highlight></codeline>
<codeline lineno="136"><highlight class="normal"><sp/><sp/><sp/><sp/><sp/><sp/><sp/><sp/><ref refid="info_8php_1ae76fdfc2f2441a30a1c59653be27c2e3" kindref="member">$html</ref><sp/>.=<sp/><sp/><sp/><sp/></highlight><highlight class="stringliteral">&apos;&lt;a<sp/>href=&quot;&apos;</highlight><highlight class="normal"><sp/>.<sp/>$o_src<sp/>.<sp/></highlight><highlight class="stringliteral">&apos;&quot;<sp/>target=&quot;_blank&quot;&gt;&apos;</highlight><highlight class="normal"><sp/>;<sp/></highlight><highlight class="comment">//If<sp/>click<sp/>image<sp/>goes<sp/>to<sp/>img<sp/>url</highlight><highlight class="normal"></highlight></codeline>
<codeline lineno="137"><highlight class="normal"><sp/><sp/><sp/><sp/><sp/><sp/><sp/><sp/><ref refid="info_8php_1ae76fdfc2f2441a30a1c59653be27c2e3" kindref="member">$html</ref><sp/>.=<sp/><sp/><sp/><sp/><sp/><sp/><sp/><sp/></highlight><highlight class="stringliteral">&apos;&lt;img<sp/>src=&quot;&apos;</highlight><highlight class="normal"><sp/>.<sp/>$t_src<sp/>.<sp/></highlight><highlight class="stringliteral">&apos;&quot;<sp/>width=&quot;&apos;</highlight><highlight class="normal"><sp/>.<sp/>$t_width<sp/>.<sp/></highlight><highlight class="stringliteral">&apos;&quot;<sp/>height=&quot;&apos;</highlight><highlight class="normal"><sp/>.<sp/>$t_height<sp/>.<sp/></highlight><highlight class="stringliteral">&apos;&quot;<sp/>style=&quot;max-width:100%;<sp/>height:auto&quot;&gt;&apos;</highlight><highlight class="normal"><sp/>;</highlight></codeline>
<codeline lineno="138"><highlight class="normal"><sp/><sp/><sp/><sp/><sp/><sp/><sp/><sp/><ref refid="info_8php_1ae76fdfc2f2441a30a1c59653be27c2e3" kindref="member">$html</ref><sp/>.=<sp/><sp/><sp/><sp/></highlight><highlight class="stringliteral">&apos;&lt;/a&gt;&apos;</highlight><highlight class="normal"><sp/>;</highlight></codeline>
<codeline lineno="139"><highlight class="normal"><sp/><sp/><sp/><sp/><sp/><sp/><sp/><sp/><ref refid="info_8php_1ae76fdfc2f2441a30a1c59653be27c2e3" kindref="member">$html</ref><sp/>.=<sp/></highlight><highlight class="stringliteral">&apos;&lt;/li&gt;&apos;</highlight><highlight class="normal"><sp/>;</highlight></codeline>
<codeline lineno="140"><highlight class="normal"><sp/><sp/><sp/><sp/>}</highlight></codeline>
<codeline lineno="141"><highlight class="normal"><sp/><sp/><sp/><sp/><ref refid="info_8php_1ae76fdfc2f2441a30a1c59653be27c2e3" kindref="member">$html</ref><sp/>.=<sp/></highlight><highlight class="stringliteral">&apos;&lt;/ul&gt;&apos;</highlight><highlight class="normal"><sp/>;</highlight></codeline>
<codeline lineno="142"><highlight class="normal"><sp/><sp/><sp/><sp/>echo<sp/></highlight><highlight class="stringliteral">&quot;&lt;/div&gt;&quot;</highlight><highlight class="normal">;</highlight></codeline>
<codeline lineno="143"><highlight class="normal"><sp/><sp/><sp/><sp/></highlight></codeline>
<codeline lineno="144"><highlight class="normal">?&gt;</highlight></codeline>
<codeline lineno="145"><highlight class="normal">&lt;script&gt;</highlight></codeline>
<codeline lineno="146"><highlight class="normal">var<sp/>weather<sp/>=<sp/>&lt;?php<sp/>echo<sp/>json_encode(<ref refid="info_8php_1adacabc2e35728f14ace9b9f2a7ca4201" kindref="member">$weather_data</ref>);<sp/>?&gt;;</highlight></codeline>
<codeline lineno="147"><highlight class="normal">var<sp/>city_weather<sp/>=<sp/>&lt;?php<sp/>echo<sp/>json_encode(<ref refid="info_8php_1a9b549a448256b274c74786bbb07d03bc" kindref="member">$city_weather</ref>);<sp/>?&gt;;</highlight></codeline>
<codeline lineno="148"><highlight class="normal">var<sp/>city_forecast<sp/>=<sp/>&lt;?php<sp/>echo<sp/>json_encode(<ref refid="info_8php_1a62c2723be166ae49619ccb145da7fb44" kindref="member">$city_forecast</ref>);<sp/>?&gt;;</highlight></codeline>
<codeline lineno="149"><highlight class="normal">var<sp/>sql_res<sp/>=<sp/>&lt;?php<sp/>echo<sp/>json_encode(<ref refid="info_8php_1a49a8a4009b02e49717caa88b128affc5" kindref="member">$res</ref>);<sp/>?&gt;;</highlight></codeline>
<codeline lineno="150"><highlight class="normal">var<sp/>keys<sp/>=<sp/>&lt;?php<sp/>echo<sp/>json_encode($keys);<sp/>?&gt;;</highlight></codeline>
<codeline lineno="151"><highlight class="normal">&lt;/script&gt;</highlight></codeline>
<codeline lineno="152"><highlight class="normal">&lt;html&gt;</highlight></codeline>
<codeline lineno="153"><highlight class="normal"><sp/><sp/><sp/><sp/>&lt;head&gt;</highlight></codeline>
<codeline lineno="154"><highlight class="normal"><sp/><sp/><sp/><sp/><sp/><sp/><sp/><sp/>&lt;meta<sp/>charset=</highlight><highlight class="stringliteral">&quot;UTF-8&quot;</highlight><highlight class="normal">&gt;</highlight></codeline>
<codeline lineno="155"><highlight class="normal"></highlight></codeline>
<codeline lineno="156"><highlight class="normal"><sp/><sp/><sp/><sp/><sp/><sp/><sp/><sp/>&lt;!--<sp/>Set<sp/>Viewport<sp/>--&gt;</highlight></codeline>
<codeline lineno="157"><highlight class="normal"><sp/><sp/><sp/><sp/><sp/><sp/><sp/><sp/>&lt;meta<sp/>name=</highlight><highlight class="stringliteral">&quot;viewport&quot;</highlight><highlight class="normal"><sp/>content=</highlight><highlight class="stringliteral">&quot;width=device-width,<sp/>initial-scale=1.0&quot;</highlight><highlight class="normal">&gt;</highlight></codeline>
<codeline lineno="158"><highlight class="normal"></highlight></codeline>
<codeline lineno="159"><highlight class="normal"><sp/><sp/><sp/><sp/><sp/><sp/><sp/><sp/>&lt;font<sp/>face=</highlight><highlight class="stringliteral">&quot;Verdana&quot;</highlight><highlight class="normal"><sp/>size=</highlight><highlight class="stringliteral">&quot;2&quot;</highlight><highlight class="normal">&gt;</highlight></codeline>
<codeline lineno="160"><highlight class="normal"><sp/><sp/><sp/><sp/>&lt;/head&gt;</highlight></codeline>
<codeline lineno="161"><highlight class="normal">&lt;?php<sp/>echo<sp/><ref refid="info_8php_1ae76fdfc2f2441a30a1c59653be27c2e3" kindref="member">$html</ref><sp/>?&gt;</highlight></codeline>
<codeline lineno="162"><highlight class="normal">&lt;/body&gt;</highlight></codeline>
<codeline lineno="163"><highlight class="normal">&lt;/html&gt;</highlight></codeline>
    </programlisting>
    <location file="C:/Users/David/Desktop/dsa_cw-master/info.php"/>
  </compounddef>
</doxygen>
