<?xml version='1.0' encoding='UTF-8' standalone='no'?>
<doxygen xmlns:xsi="http://www.w3.org/2001/XMLSchema-instance" xsi:noNamespaceSchemaLocation="compound.xsd" version="1.8.13">
  <compounddef id="md_C_1_Users_David_Desktop_dsa_cw-master_README" kind="page">
    <compoundname>md_C:_Users_David_Desktop_dsa_cw-master_README</compoundname>
    <title>dsa_cw</title>
    <detaileddescription>
<para>DSA group coursework</para><para>There will be a mix of HTML, PHP, SQL and XML files, which <emphasis>should</emphasis> allow you to recreate this project in its entirety. Information about the enviroment used will be added at a later date. </para>    </detaileddescription>
  </compounddef>
</doxygen>
