<?xml version='1.0' encoding='UTF-8' standalone='no'?>
<doxygen xmlns:xsi="http://www.w3.org/2001/XMLSchema-instance" xsi:noNamespaceSchemaLocation="compound.xsd" version="1.8.13">
  <compounddef id="README_8md" kind="file" language="Markdown">
    <compoundname>README.md</compoundname>
    <briefdescription>
    </briefdescription>
    <detaileddescription>
    </detaileddescription>
    <programlisting>
<codeline><highlight class="normal">#<sp/>dsa_cw</highlight></codeline>
<codeline><highlight class="normal">DSA<sp/>group<sp/>coursework</highlight></codeline>
<codeline></codeline>
<codeline><highlight class="normal">There<sp/>will<sp/>be<sp/>a<sp/>mix<sp/>of<sp/>HTML,<sp/>PHP,<sp/>SQL<sp/>and<sp/>XML<sp/>files,<sp/>which<sp/>*should*<sp/>allow<sp/>you<sp/>to<sp/>recreate<sp/>this<sp/>project<sp/>in<sp/>its<sp/>entirety.<sp/>Information<sp/>about<sp/>the<sp/>enviroment<sp/>used<sp/>will<sp/>be<sp/>added<sp/>at<sp/>a<sp/>later<sp/>date.</highlight></codeline>
    </programlisting>
    <location file="C:/Users/David/Desktop/dsa_cw-master/README.md"/>
  </compounddef>
</doxygen>
