<?xml version='1.0' encoding='UTF-8' standalone='no'?>
<doxygen xmlns:xsi="http://www.w3.org/2001/XMLSchema-instance" xsi:noNamespaceSchemaLocation="compound.xsd" version="1.8.13">
  <compounddef id="setup__maps_8php" kind="file" language="PHP">
    <compoundname>setup_maps.php</compoundname>
      <sectiondef kind="var">
      <memberdef kind="variable" id="setup__maps_8php_1af59a5f7cd609e592c41dc3643efd3c98" prot="public" static="no" mutable="no">
        <type></type>
        <definition>$query</definition>
        <argsstring></argsstring>
        <name>$query</name>
        <initializer>= &quot;select b.location_id,b.name as name, coordinates,region_id, description, country  from region a left join location b on (a.location_id=b.location_id)&quot;</initializer>
        <briefdescription>
        </briefdescription>
        <detaileddescription>
<para>As the name of the file suggest this setups the maps</para><para>/include include <ref refid="sql_8php" kindref="compound">sql.php</ref> to run query</para><para>/$query setup query, returns vaules </para>        </detaileddescription>
        <inbodydescription>
        </inbodydescription>
        <location file="C:/Users/David/Desktop/dsa_cw-master/setup_maps.php" line="7" column="1" bodyfile="C:/Users/David/Desktop/dsa_cw-master/setup_maps.php" bodystart="7" bodyend="-1"/>
      </memberdef>
      <memberdef kind="variable" id="setup__maps_8php_1a233d12bd8b6d3453e9a7a3f0b8c31db2" prot="public" static="no" mutable="no">
        <type></type>
        <definition>$results</definition>
        <argsstring></argsstring>
        <name>$results</name>
        <initializer>= call_sql($query)</initializer>
        <briefdescription>
        </briefdescription>
        <detaileddescription>
<para>/$results return query </para>        </detaileddescription>
        <inbodydescription>
        </inbodydescription>
        <location file="C:/Users/David/Desktop/dsa_cw-master/setup_maps.php" line="9" column="1" bodyfile="C:/Users/David/Desktop/dsa_cw-master/setup_maps.php" bodystart="9" bodyend="-1"/>
      </memberdef>
      </sectiondef>
    <briefdescription>
    </briefdescription>
    <detaileddescription>
    </detaileddescription>
    <programlisting>
<codeline lineno="1"><highlight class="normal">&lt;?php</highlight></codeline>
<codeline lineno="2"><highlight class="normal"></highlight></codeline>
<codeline lineno="5"><highlight class="normal"><sp/><sp/><sp/><sp/>include(</highlight><highlight class="stringliteral">&apos;sql.php&apos;</highlight><highlight class="normal">);</highlight></codeline>
<codeline lineno="7" refid="setup__maps_8php_1af59a5f7cd609e592c41dc3643efd3c98" refkind="member"><highlight class="normal"><sp/><sp/><sp/><sp/><ref refid="setup__maps_8php_1af59a5f7cd609e592c41dc3643efd3c98" kindref="member">$query</ref><sp/>=<sp/></highlight><highlight class="stringliteral">&quot;select<sp/>b.location_id,b.name<sp/>as<sp/>name,<sp/>coordinates,region_id,<sp/>description,<sp/>country<sp/><sp/>from<sp/>region<sp/>a<sp/>left<sp/>join<sp/>location<sp/>b<sp/>on<sp/>(a.location_id=b.location_id)&quot;</highlight><highlight class="normal">;</highlight></codeline>
<codeline lineno="9" refid="setup__maps_8php_1a233d12bd8b6d3453e9a7a3f0b8c31db2" refkind="member"><highlight class="normal"><sp/><sp/><sp/><sp/><ref refid="setup__maps_8php_1a233d12bd8b6d3453e9a7a3f0b8c31db2" kindref="member">$results</ref><sp/>=<sp/>call_sql(<ref refid="setup__maps_8php_1af59a5f7cd609e592c41dc3643efd3c98" kindref="member">$query</ref>);</highlight></codeline>
<codeline lineno="10"><highlight class="normal">?&gt;</highlight></codeline>
    </programlisting>
    <location file="C:/Users/David/Desktop/dsa_cw-master/setup_maps.php"/>
  </compounddef>
</doxygen>
