<?xml version='1.0' encoding='UTF-8' standalone='no'?>
<doxygen xmlns:xsi="http://www.w3.org/2001/XMLSchema-instance" xsi:noNamespaceSchemaLocation="compound.xsd" version="1.8.13">
  <compounddef id="sql_8php" kind="file" language="PHP">
    <compoundname>sql.php</compoundname>
      <sectiondef kind="func">
      <memberdef kind="function" id="sql_8php_1a76c56b4acb512d7447d8c1f9b9328ebc" prot="public" static="no" const="no" explicit="no" inline="no" virt="non-virtual">
        <type>check if</type>
        <definition>check if exists</definition>
        <argsstring>(was getting errors from includes) if(!function_exists(&apos;call_sql&apos;))</argsstring>
        <name>exists</name>
        <param>
          <type>was getting errors from</type>
          <declname>includes</declname>
        </param>
        <briefdescription>
        </briefdescription>
        <detaileddescription>
<para>PHP File Returns rows of weathr/location data </para>        </detaileddescription>
        <inbodydescription>
<para>Calls <ref refid="db__connection_8php" kindref="compound">db_connection.php</ref>, connects to the database</para><para>get results of query</para><para>add results to rows of array while there are results</para><para>close results</para><para>return results </para>        </inbodydescription>
        <location file="C:/Users/David/Desktop/dsa_cw-master/sql.php" line="6" column="1" bodyfile="C:/Users/David/Desktop/dsa_cw-master/sql.php" bodystart="6" bodyend="23"/>
      </memberdef>
      </sectiondef>
    <briefdescription>
    </briefdescription>
    <detaileddescription>
    </detaileddescription>
    <programlisting>
<codeline lineno="1"><highlight class="normal">&lt;?php</highlight></codeline>
<codeline lineno="2"><highlight class="normal"></highlight></codeline>
<codeline lineno="3"><highlight class="normal"></highlight></codeline>
<codeline lineno="4"><highlight class="normal"></highlight></codeline>
<codeline lineno="6" refid="sql_8php_1a76c56b4acb512d7447d8c1f9b9328ebc" refkind="member"><highlight class="normal">check<sp/></highlight><highlight class="keywordflow">if</highlight><highlight class="normal"><sp/></highlight><highlight class="keyword">function</highlight><highlight class="normal"><sp/><ref refid="sql_8php_1a76c56b4acb512d7447d8c1f9b9328ebc" kindref="member">exists</ref><sp/>(was<sp/>getting<sp/>errors<sp/>from<sp/>includes)</highlight></codeline>
<codeline lineno="7"><highlight class="normal"></highlight><highlight class="keywordflow">if</highlight><highlight class="normal">(!function_exists(</highlight><highlight class="stringliteral">&apos;call_sql&apos;</highlight><highlight class="normal">)){</highlight></codeline>
<codeline lineno="8"><highlight class="normal"><sp/><sp/><sp/><sp/></highlight><highlight class="keyword">function</highlight><highlight class="normal"><sp/>call_sql($sql){</highlight></codeline>
<codeline lineno="10"><highlight class="normal"><sp/><sp/><sp/><sp/><sp/><sp/><sp/><sp/>include(</highlight><highlight class="stringliteral">&apos;db_connection.php&apos;</highlight><highlight class="normal">);</highlight></codeline>
<codeline lineno="12"><highlight class="normal"><sp/><sp/><sp/><sp/><sp/><sp/><sp/><sp/><ref refid="info_8php_1a93e4671da0172e59d78baf57cea4bcf6" kindref="member">$result</ref><sp/>=<sp/>mysqli_query(<ref refid="db__connection_8php_1a0d9c79b9b86b3f5891c6d3892f12c6a0" kindref="member">$connection</ref>,$sql,<sp/>MYSQLI_ASSOC);</highlight></codeline>
<codeline lineno="14"><highlight class="normal"><sp/><sp/><sp/><sp/><sp/><sp/><sp/><sp/></highlight><highlight class="keywordflow">while</highlight><highlight class="normal">($row=<ref refid="info_8php_1a93e4671da0172e59d78baf57cea4bcf6" kindref="member">$result</ref>-&gt;fetch_assoc()){</highlight></codeline>
<codeline lineno="15"><highlight class="normal"><sp/><sp/><sp/><sp/><sp/><sp/><sp/><sp/><sp/><sp/><sp/><sp/>$rows[]<sp/>=<sp/>$row;</highlight></codeline>
<codeline lineno="16"><highlight class="normal"><sp/><sp/><sp/><sp/><sp/><sp/><sp/><sp/>}</highlight></codeline>
<codeline lineno="18"><highlight class="normal"><sp/><sp/><sp/><sp/><sp/><sp/><sp/><sp/><ref refid="info_8php_1a93e4671da0172e59d78baf57cea4bcf6" kindref="member">$result</ref>-&gt;close();</highlight></codeline>
<codeline lineno="19"><highlight class="normal"><sp/><sp/><sp/><sp/><sp/><sp/><sp/><sp/></highlight><highlight class="keywordflow">if</highlight><highlight class="normal">(!isset($rows)){</highlight><highlight class="keywordflow">return</highlight><highlight class="normal"><sp/>$rows[]<sp/>=<sp/></highlight><highlight class="stringliteral">&quot;&quot;</highlight><highlight class="normal">;}</highlight></codeline>
<codeline lineno="21"><highlight class="normal"><sp/><sp/><sp/><sp/><sp/><sp/><sp/><sp/></highlight><highlight class="keywordflow">return</highlight><highlight class="normal"><sp/>$rows;</highlight></codeline>
<codeline lineno="22"><highlight class="normal"><sp/><sp/><sp/><sp/>}</highlight></codeline>
<codeline lineno="23"><highlight class="normal">}</highlight></codeline>
<codeline lineno="24"><highlight class="normal">?&gt;</highlight></codeline>
    </programlisting>
    <location file="C:/Users/David/Desktop/dsa_cw-master/sql.php"/>
  </compounddef>
</doxygen>
